id ,kalimat,pasien,usia pasien,penyakit,gejala,kapan,periode,tindakan,outcome,pertanyaan,pembuka,penyebab,prakondisi,objek,penutup,referensi,artikel,observasi
1,"Dok kemarin malam tiba-tiba anak saya usia 6 tahun panas dingin, sebelumnya dia memang sudah batuk dan flu. ",1,1,1,1,1,,,,,,,,,,,,
2,baru malam ini panas dingin.,,,,1,1,,,,,,,,,,,,
3,obatnya apa ya dok? ,,,,,,,,,1,,,,,,,,
4,mohon bantuannya ya terima kasih,,,,,,,,,,,,,,,,,
5,"Alo, Terima kasih atas pertanyaannya.",,,,,,,,,,1,,,,,,,
6,Batuk dan flu dan panas dingin dapat disebabkan oleh banyak kemungkinan hal penyebab.,,,1,1,,,,,,,,,,,,,
7,"Berdasarkan dari riwayat keluhan yang Anda sampaikan, berikut beberapa kemungkinan penyebab hal tersebut: Batuk pilek biasa, Influenza, Radang tenggorokan, Covid-19.",,,,,,,,,,,1,1,,,,,
8,Terdapat beberapa anjuran yang dapat dilakukan untuk meringankan keluhan anak Anda.,,,,,,,,,,,,,,,,,
9,"Namun, apabila keluhan tidak membaik dalam 2-3 hari ke depan atau",,,,,,1,,,,,,1,,,,,
10," keluhan disertai dengan demam tinggi, sesak napas, batuk berdarah, penurunan BB, anak tampak sangat lemas atau sangat rewel, dll, periksakanlah anak ke dokter spesialis anak, ya.",,,,1,,,1,,,,,,,,,,
11,Dokter akan melakukan evaluasi lebih lanjut terkait dengan kondisi Anda ,,,,,,,1,,,,,,,,,,
12,dan memberikan terapi yang sesuai. ,,,,,,,1,,,,,,,,,,
13,"Untuk sementara waktu, berikut beberapa anjuran yang dapat dilakukan, seperti:",,,,,,,,,,,,,,1,,,
14,"Meminum obat pereda demam apabila suhu di atas 37,5 derajat Celsius.",,,,,,,1,,,,,1,1,,,,
15,Memberikan obat batuk yang dapat dibeli di apotek.,,,,,,,1,,,,,,1,,,,
16,Memberikan uap hangat.,,,,,,,1,,,,,,1,,,,
17,Minum air hangat minimal 1 liter per hari.,,,,,,,1,,,,,,1,,,,
18,Berkumur dengan larutan antiseptik atau larutan garam.,,,,,,,1,,,,,,1,,,,
19,Semoga informasi ini dapat membantu dan semoga lekas sembuh ya. Salam.,,,,,,,,,,,,,,1,,,
20,"Hallo dok, saya seorang Ibu dari anak usia 5,6 tahun mau bertanya dok",1,1,,,,,,,,,,,,,,,
21,"anak saya ini sering sekali mengalami batuk dan pilek, sehingga 1 bulan bisa 2-3 kali ke dokter dan di beri obat antibiotik terus setiap ke dokter",,,1,,,1,1,1,,,,,1,,,,
22,pertanyaan saya apakah aman penggunaan antibiotik yang berturut-turut,,,,,,,,,1,,,,1,,,,
23,"serta apa yang menyebabkan anak sering mengalami batuk pilek, padahal tidak dekat2 dengan orang yang sedang batuk pilek",,,,,,,,,1,,,1,,,,,
24, apakah ada pengaruh dari susu formula dan keju?,,,,,,,,,1,,,,1,,,,
25,"karena anak saya suka sekali keju.. tapi begitu batuk saya stop konsumsi keju, tapi masih tetap saja batuk.",,,,,,,1,1,,,,,,,,,
26,tolong pencerahannya ya dok.. terima kasih,,,,,,,,,,,,,,,,,
27,"Alo, terimakasih atas pertanyaannya.",,,,,,,,,,1,,,,,,,
,"Batuk dan pilek kemungkinan penyebabnya bisa banyak, misalnya karena alergi (seperti terhadap dingin, makanan, serbuk sari, bulu hewan),",,,1,,,,,,,,1,,1,,1,,
,"kontak dengan iritan (seperti asap, debu, udara kering),",,,,,,,,,,,1,,1,,,,
,"infeksi virus atau bakteri (termasuk COVID-19),",,,,,,,,,,,1,,1,,,,
,"refluks asam lambung ke tenggorokan,",,,,,,,,,,,1,,1,,,,
,"tenggorokan kering, gangguan imunitas,",,,,,,,,,,,1,,,,,,
28,"sensitifitas berlebih terhadap obat tertentu, ",,,,,,,,,,,1,,1,,,,
,bahkan mungkin tumor jinak atau ganas di sekitar saluran pernapasan.,,,,,,,,,,,1,,1,,,,
29,"Kondisi anak Anda yang sering mengalami batuk dan pilek bisa terjadi karena beragam pencetus, misalnya daya tahan tubuhnya yang lemah",,,1,,,,,,,,1,,,,,,
30,"lingkungannya yang kurang bersih,",,,,,,,,,,,1,,,,,,
31,"kontak dekat dengan penderita batuk dan pilek lain, atau lainnya.",,,,,,,,,,,1,,,,,,
32,"Tentu, mengingat penyebab batuk dan pilek ada banyak, maka penyebab sering sakitnya anak Anda juga tidak bisa digeneralisasikan seperti ini.",,,,,,,1,,,,,,,,,,
33,"Yang jelas, dokter yang bijak hanya akan memberikan antibiotik jika memang beliau yakin batuk dan pileknya muncul terkait infeksi bakteri. ",,,1,,,,1,,,,,1,,,,,
34,"Dan jika memang ada indikasi medis tepat yang mendasari, konsumsi antibiotik ini semestinya tidak berbahaya.",,,,,,,1,,,,,1,,,,,
35,"Saran kami, agar anak Anda tidak lagi sering batuk dan pilek, lakukanlah dulu:",,,,,,,,,,,,,,1,,,
36,"Mandikan ia dengan air hangat, jaga selalu tubuh anak Anda dan lingkungan sekitarnya agar bersih",,,,,,,1,,,,,,1,,,,
37,Jauhkan ia dari hal-hal penyebab alergi dan iritasi (seperti telah kami singgung di atas),,,,,,,1,,,,,,1,,,,
38,"Beri ia makan makanan dengan gizi seimbang, lengkap dengan buah yang mengandung kaya vitamin C dan antioksidan lainnya,",,,,,,,1,,,,,,1,,,,
39,"batasi kebiasaan memberinya makan es dan goreng-gorengan,",,,,,,,1,,,,,,1,,,,
40,jauhkan juga ia dari pemanis buatan dan makanan yang terlalu berampas,,,,,,,1,,,,,,1,,,,
41,"Beri anak banyak minum air hangat, bisa juga ditambah perasan lemon atau jahe saat sedang kambuh batuk dan pileknya,",,,,,,,1,,,,,1,1,,,,
42,"batasi pemberian cokelat, susu, dan dairy product",,,,,,,1,,,,,,1,,,,
43,"Ajarkan anak istirahat cukup, ",,,,,,,1,,,,,,,,,,
44,"berolahraga, dan menerapkan pola hidup sehat sedari kecil",,,,,,,1,,,,,,,,,,
45,"Ingatkan ia untuk selalu menggunakan masker, rajin mencuci tangan, dan jaga jarak dengan orang lain jika sedang beraktifitas di luar rumah atau di lingkungan ramai",,,,,,,1,,,,,,,,,,
46,"Beri anak vaksinasi lengkap sesuai anjuran dokter, termasuk vaksin influenza",,,,,,,1,,,,,,1,,,,
47,"Lebih lanjut, jika kondisi anak Anda belum tampak membaik,",,,,,,,,,,,,1,,,,,
48,"apalagi malah muncul sesak, demam, ingus kekuningan atau kehijauan, mengi, nyeri dada, muntah, dan keluhan lain yang berat,",,,,1,,,,,,,,1,,,,,
49,"sebaiknya ia diperiksakan langsung saja ke dokter, dokter THT, atau dokter anak terdekat ya..",,,,,,,1,,,,,,,,,,
50,"Selamat malam dok, Saya habis memeriksakan anak saya yang berusia 5 bulan 10 hari karena batuk pilek dan demam.",1,1,1,1,,,,,,,,,,,,,
51,kemudian dkasih resep Pacdin Cough sirup sekali minum 5ml setelah dibuka dirumah ternyata ada tulisan untuk 1 th ke atas.,,,,,,,1,,,,,1,,,,,
52,apakah aman jika dikonsumsi bayi usia 5 bulan 10 hari Terima kasih.,,,,,,,,,1,,,,,,,,
53,"Halo, terima kasih sudah bertanya di Alodokter.",,,,,,,,,,1,,,,,,,
54,"Penyebab demam, batuk, dan pilek pada bayi dapat disebabkan oleh beberapa kemungkinan seperti : Peradangan / infeksi pada saluran pernapasan yang disebabkan oleh infeksi virus dan bakteri",,,1,,,,,,,,1,,1,,,,
55,"Peradangan pada tenggorokan, Alergi",,,,,,,,,,,1,,,,,,
56,"tumbuh gigi, biasanya pada masa ini (gigi pertama pada bayi akan tubuh pada usia 4-6 bulan), dan biasanya akan mengalami demam, rewel, gusi bengkak, ruam di sekitar mulut, air liur menetes",,,,1,,1,,,,,1,,,,,,
57,dan kemungkinan lainnya.,,,,,,,,,,,1,,,,,,
58,"Bila Anda saat ini sudah melakukan pemeriksaan dokter secara langsung dan sudah diberikan pengobatan, maka sebaiknya Anda untuk mengikuti anjuran dari dokter pemeriksa Anda ya.",,,,,1,,1,,,,,1,,,,,
59,Hal ini disebabkan karena dokter Anda sudah mempertimbangkan sesuai dengan kondisi anak Anda. ,,,,,,,,,,,,1,,,,,
60,Pantau terus kondisi anak Anda ,,,,,,,1,,,,,,,,,,
61,"dan bila kondisi ini bertambah berat, batuk dan demam menetap dan berkepanjangan, anak tidak mau menyusu, timbul ruam kemerahan pada sekujur tubuh, anak lemas, maka sebaiknya untuk segera ke rumah sakit terdekat ya.",,,,1,,,1,,,,,1,,,,,
62,"Berikanlah asupan nutrisi yang baik misalnya melalui ASI,",,,,,,,1,,,,,,1,,,,
63,"pastikan anak Anda tidak kekurangan cairan,",,,,,,,1,,,,,,,,,,
64," mengompres hangat bila demam,",,,,,,,1,,,,,1,,,,,
65,"hindarilah faktor pencetus alergi, ",,,,,,,1,,,,,,,,,,
66,"rutin membersihkan puting susu, ",,,,,,,1,,,,,,1,,,,
67,bila ibu sedang mengalami flu / pilek dan saat memberikan ASI agar menggunakan masker.,,,,,,,1,,,,,,1,,,,
68,Semoga dapat bermanfaat ya.,,,,,,,,,,,,,,1,,,
69,dokter anak saya umur 15 bulan. sering sekali batuk pilek,1,1,1,,,,,,,,,,,,,,
70,apakah harus ditambah vaksin influenza ya dokter ?,,,,,,,,,1,,,,,,,,
71,apabila perlu memang masih bisa atau tidak terlambat untuk vaksin,,,,,,,,,1,,,,,,,,
72,"Alo, terimakasih atas pertanyaannya.",,,,,,,,,,1,,,,,,,
73,"Batuk dan pilek pada anak bisa banyak kemungkinan penyebabnya, contohnya karena infeksi, alergi, paparan udara dingin atau iritan tertentu, gangguan imunitas, dan sebagainya.",,,1,,,,,,,,1,,,,,,
74,"Ada beragam cara yang bisa dilakukan guna melindungi anak dari batuk dan pilek berulang, yakni:",,,1,,,,,,,,,,,,,,
75,Jaga tubuh dan lingkungan sekitarnya agar tetap bersih,,,,,,,1,,,,,,,,,,
76,"Jangan biarkan ia berkontak dengan udara dingin yang berlebihan, debu, asap rokok, polusi, dan hal-hal yang mungkin membuatnya alergi",,,,,,,1,,,,,,1,,,,
77,Perbaiki pencahayaan dan sirkulasi udara di tempat tinggal anak,,,,,,,1,,,,,,,,,,
78,"Batasi pemberian es, makanan berminyak, serta berpemanis buatan",,,,,,,1,,,,,,1,,,,
79,Pastikan orang yang berkontak dekat dengan anak dalam kondisi sehat dan bersih tubuhnya,,,,,,,1,,,,,1,,,,,
80,"Tingkatkan daya tahan tubuh anak dengan membiasakannya tidur cukup, memberinya makan makanan bergizi seimbang, serta mengajarkannya gaya hidup sehat sejak kecil",,,,,,,1,,,,,,,,,,
81,Pemberian vaksin influenza bisa membantu meningkatkan kekebalan anak terhadap infeksi virus Influenza.,,,,,,,1,,,,,,1,,,,
82,"Sebagaimana diketahui, virus ini merupakan salah satu penyebab tersering batuk dan pilek.",,,,,,,,,,,1,,1,,,,
83,"Vaksin influenza bisa diberikan sebanyak 2 dosis dengan jeda setidaknya 4 minggu, lantas diulangi setiap tahunnya.",,,,,,1,,,,,,,1,,,,
84,"Akan tetapi, perlu juga dipahami, bahwa jika pada dasarnya ada faktor lain yang membuat anak Anda batuk dan pilek (misalnya karena alergi), tentu pemberian vaksin ini saja tidaklah cukup.",,,1,,,,,,,,1,,,,,,
85,Anda perlu juga disiplin menjalani beragam upaya di atas supaya anak Anda tidak berulang terus batuk dan pileknya.,,,1,,,,1,,,,,,,,,,
86,Diskusikan kembali hal ini dengan dokter atau dokter anak terdekat ya..,,,,,,,1,,,,,,,,1,,
87,Semoga membantu.,,,,,,,,,,,,,,1,,,
88,"Halo dokter,anak saya usia 22 bulan,dia mengalami pilek tanpa batuk.",1,1,1,,,,,,,,,,,,,,
89,"Setelah 2 hari saya pun membelikannya obat,namun yang di berikan oleh dokter tersebut obat batuk pilek.",,,,,1,,1,1,,,,,,,,,
90,Setelah meminum obat itu anak saya jadi batuk dokter.,,,,,1,,1,1,,,,,,,,,
91,"Apakah hal itu baik atau berbahaya bagi kesehatan anak saya dok,?",,,,,,,,,1,,,,,,,,
92, Apa yang harus saya lakukan?,,,,,,,,,1,,,,,,,,
93,Trimakasih dokter.,,,,,,,,,,,,,,,,,
94,"Alo, Terima kasih atas pertanyaannya.",,,,,,,,,,1,,,,,,,
95,Pilek yang disertai dengan batuk merupakan keluhan yang relatif umum terjadi pada anak berusia 22 bulan.,,,1,,,,,,,,,,,,,,
96,"Berdasarkan dari riwayat keluhan yang Anda sampaikan, terdapat beberapa kemungkinan penyebab dari keluhan tersebut, seperti: Batuk pilek biasa.Influenza.Covid-19.Reaksi alergi.",,,,,,,,,,,1,1,,,,,
97,"Terdapat beberapa anjuran yang dapat Anda lakukan untuk membantu meringankan keluhan,",,,,,,,,,,,,,,1,,,
98,"seperti memberikan anak obat yang sudah diresepkan oleh dokter,",,,,,,,1,,,,,,1,,,,
99,"memberikan anak uap hangat untuk melegakan saluran napas,",,,,,,,1,,,,,,1,,,,
100,"mencukupi kebutuhan nutrisi dan cairan anak, ",,,,,,,1,,,,,,,,,,
101,serta memonitor keluhan lain yang muncul.,,,,,,,1,,,,,,,,,,
102,"Apabila obat dari dokter tidak memberikan perbaikan gejala dan memperparah batuk dan keluhan tidak membaik dalam 5 hari ke depan, sebaiknya lakukanlah pemeriksaan follow up evaluasi ke dokter spesialis anak ya",,,,,,1,1,,,,,1,,,,,
103,"Dokter akan menanyakan riwayat keluhan secara lengkap, ",,,,,,,1,,,,,,,,,,
104,"melakukan pemeriksaan fisik, dan pemeriksaan penunjang yang relevan sehingga dokter dapat menentukan penyebab kondisi yang anak Anda alami dan memberikan terapi yang sesuai.",,,,,,,1,1,,,,,,,,,
105,Semoga informasi ini dapat membantu dan semoga lekas sembuh ya. Salam.,,,,,,,,,,,,,,1,,,
106,"Dok saya mau bertanya. Anak saya umur 19 BulanBatuk dan muntah dari 2 minggu yg lalu,",1,1,1,1,1,,,,,,,,,,,,
107,sebelumnya setelah satu minggu saya bawa ke puskesmas di lab juga.,,,,,1,,1,,,,,,,,,,
108,Setelah di kasih resep cuma 4 hari batuk dan muntahnya kembali lagi.,,,,,,,1,1,,,,,,,,,
109,Sekarang demam juga,,,,1,1,,,,,,,,,,,,
110,bagaimana ya dok kira2 solusinya?,,,,,,,,,1,,,,,,,,
111,"Alo, terima kasih ya sudah bertanya di Alodokter.",,,,,,,,,,1,,,,,,,
112,"Membaca keluhan yang dialami oleh anak anda saat ini, ada baiknya anda kembali membawa anak anda ke dokter untuk dievaluasi ulang secara langsung, boleh ke dokter umum atau langsung ke dokter spesialis anak.",,,,,1,,1,,,,,1,,,,,
113,"Hal ini dianjurkan karena keluhan kembali berulang meskipun sudah diberikan obat, sehingga perlu dievaluasi kembali apakah ada kondisi lain yang menyebabkan keluhan atau terjadinya perburukan kondisi yang memerlukan tambahan obat.",,,,,,,1,,,,,1,,,,,
114,"Sebagai penanganan awal di rumah, anda dapat mencoba memberikan obat campuran batuk dan demam yang dijual bebas di pasaran (bertanda hijau / biru) dengan dosis sesuai kemasan hingga ada anjuran lain dari dokter yang menangani anak anda.",,,,,,,1,,,,,,1,,,,
115,"Anda juga disarankan melakukan kompres dingin di dahi, ketiak dan selangkangan ketika anak anda sedang demam.",,,,,,,1,,,,,1,,,,,
116,"Tidak disarankan anda memberikan obat mual muntah (bertanda merah) kepada anak anda tanpa adanya anjuran dokter, termasuk obat yang sebelumnya pernah diresepkan.",,,,,,,1,,,,,,1,,,,
117,"Selain mencoba mengonsumsi obat bebas, anda juga disarankan untuk selalu mengawasi kondisi anak anda ",,,,,,,1,,,,,,,,,,
118,"dan segera membawanya ke IGD rumah sakit bila tampak adanya tanda-tanda bahaya sepertianak tampak sesak, demam tinggi (39 derajat atau lebih), malas / sulit makan / minum, muntah-muntah sering, atau anak cenderung tertidur saja.",,,,1,,,1,,,,,1,,,,,
119,Semoga membantu.,,,,,,,,,,,,,,1,,,
120,"Selamat pagi dok, anak saya baru umur 1 bulan 20hari terkena flu,",1,1,1,,,,,,,,,,,,,,
121,hidungnya tersumbat sehingga dia susah minum asi dan bernafas krn bunyi grok grok saat pengambilan nafasnya.,,,,1,,,,,,,,,,,,,
122,"Sy dateng ke bidan dan diberi obat Pimacolin dan omemox amoxicillin dgn dosis masing2 1,25ml diminum 3x sehari.",,,,,,1,1,,,,,,1,,,,
123,"Anak saya sudah minum 2x, namun setelah suami sy cari tau obat tersebut termasuk obat keras, ",,,,,,,1,,,,,,,,,,
124,apa saya harus mengehentikan pemberian obat tsb atau melanjutkannya dok?,,,,,,,,,1,,,,,,,,
125,"Alo, terima kasih atas pertanyaannya untuk Alodokter,",,,,,,,,,,1,,,,,,,
126,"Batuk pilek pada bayi umumnya disebabkan oleh infeksi virus yang dapat sembuh dengan sendirinya seiring dengan peningkatan kekebalan tubuh melalui pemberian ASI,",,,1,,,,1,1,,,1,,,,,,
127,dimana tidak tepat jika langsung diobati dengan antibiotik seperti amoxicilin yang diperuntunkkan untuk infeksi bakteri.,,,,,,,,,,,,,,,,,
128,"Selain itu, memang pada bayi terutama pada usia di bawah 6 bulan, tidak direkomendasikan pemberian obat batuk pilek dan antibiotik terutama jika tidak melalui pemeriksaan dokter.",,,,,,,1,,,,,1,,,,,
129,"Maka dari itu, sebaiknya anda menghentikan pemberian obat ",,,,,,,1,,,,,,,,,,
130,"dan melakukan beberapa perawatan mandiri terlebih dahulu di rumah seperti dengan memastikan bayi banyak beristirahat, ",,,,,,,1,,,,,,,,,,
131,"posisikan kepala bayi lebih tinggi dari tubuhnya dengan menggunakan bantal tambahan, ",,,,,,,1,,,,,,,,,,
132,"oleskan minyak telon dengan menepuk punggung dengan lembut yang dapat membantu pengeluaran dahak,",,,,,,,1,1,,,,,1,,,,
133,"gunakanhumidifier untuk menjaga kelembaban udara di ruangan sekaligus membantu mengencerkan dahak atau lendir pada saluran napas, ",,,,,,,1,1,,,,,1,,,,
134,"gunakan alat penyedot ingus setelah menetesi hidung dengan cairan infus steril sedikit,",,,,,,,1,,,,,1,,,,,
135,perbanyak berikan ASI.,,,,,,,1,,,,,,1,,,,
136,"Anda perlu segera memeriksakan bayi anda ke dokter anak jika bayi anda demam lebih dari 39 C, batuk pilek tidak membaik selama 1 minggu, sesak napas atau napas berbunyi, tidak mau menyusu, muntah, atau diare.",,,,1,,,1,,,,,1,,,,,
137,"Demikian informasi yang dapat disampaikan, semoga bermanfaat. Terima kasih.",,,,,,,,,,,,,,1,,,
138,"Dok anak sy usia 16bulan, bapil sejak sebulan lalu. ",1,1,1,,,1,,,,,,,,,,,
139,udah diperiksa ke 2 bidan ktnya bapil biasa dan diresepkan obat.,,,,,,,1,1,,,,,,,,,
140,Batuk &hidung meler sudah reda tp skrg kok anak sy napas nya sperti terengah2 (sperti org habis lari) & suara msih bindeng(trtahan dihidung). ,,,1,1,1,,,,,,,1,,,,,
141,Seperti lendir masih ada ditengah antara hidung dan tenggorok.,,,,1,,,,,,,,,,,,,
142,"Ksian klo wkt makan, apalgi nyusu jd trganggu.",,,,,,,,,,,,,,,,,
143," Apakah ini normal dok, bapil sudh sebulan? ",,,,,,,,,1,,,,,,,,
144,Apakah kondisi anak sy itu tanda bapil sgera sembuh?,,,,,,,,,1,,,,,,,,
145,Tlog jwbnnya dok. Trimksih,,,,,,,,,,,,,,,,,
146,Terima kasih atas pertanyaannya.,,,,,,,,,,1,,,,,,,
147,"Batuk pilek dapat menjadi tanda adanya suatu infeksi saluran pernapasan, alergi, dan sebagainya.",,,1,,,,,,,,1,,,,,,
148,Pada keluhan yang ringan dapat membaik umumnya dalam waktu kurang dari 2 minggu apabila termasuk akut. ,,,,,,1,1,,,,,1,,,,,
149,"Namun, apabila lebih dari 2 minggu dapat menandakan suatu yang serius dan perlu diperiksa.",,,,,,,1,,,,,1,,,,,
150,"Terutama pada anak umumnya sulit untuk mengatakan keluhan yang dialami, berbeda dengan dewasa. ",,,,,,,,,,,,,,,,,
151,"Adanya batuk lama tersebut dapat menjadi tanda dari infeksi pada paru misalnya bronchiolitis, tuberkulosis atau lainnya.",,,1,,,,,,,,1,,,,,,
152,Terutama apabila ibu mengatakan bahwa napas menjdi ngos-ngosan perlu diperiksa lebih lanjut adakah gangguan oksigenasi yang ditandai dengan saturasi oksigen menurun.,,,,1,,,1,,,,,1,,,,,
153,Kondisi ini tidak dapat dikatakan normal karena perlu diperiksa lebih lanjut.,,,,,,,1,,,,,1,,,,,
154,Sebaiknya segera melakukan pemeriksaan ke dokter spesialis anak karena sudah diberikan obat dan keluhan tidak membaik dalam sebulan. ,,,,,,,1,,,,,1,,,,,
155,"Dokter perlu melakukan pemeriksaan lebih lanjut dari wawancara keluhan, pemeriksaan fisik, serta pemeriksaan penunjang misalnya rontgen ataupun laboratorium.",,,,,,,1,,,,,,,,,,
156,sebab itu sebaiknya memeriksa lebih lanjut agar dapat diberikan penanganan sesuai misalnya memerlukan antibiotik dan sebagainya.,,,,,,,1,1,,,,,,,,,
157,"Saat ini sebaiknya tetap memberikan ASI,",,,,,1,,1,,,,,,,,,,
158,"memberikan makanan bergizi, ",,,,,,,1,,,,,,,,,,
159,"menjaga kebersihan rumah, dan sebagainya.",,,,,,,1,,,,,,,,,,
160,"Terima kasih, semoga membantu.",,,,,,,,,,,,,,1,,,
161,"Hallo dok, selamat pagi, saya nada umur 23tahun.",1,1,,,,,,,,,,,,,,,
162,Dok saya mau bertanya. Mengapa saya kalo batuk ataupun pilek dan mengeluarkan dahak pasti menggumpal dan ada serpihan bercak merah darah dok?,,,,,,,,,1,,,,,,,,
163,Padahal saya rasa batuk saya gak sakit bahkan dahak disertai darah itu keluar nya ketika saya mengeluarkan lewat hidung dalam.,,,1,1,1,,,,,,,1,,,,,
164,Mohon penjelasannya dokğŸ™,,,,,,,,,,,,,,,,,
165,"Halo,",,,,,,,,,,1,,,,,,,
166,"Tim dokter kami telah menjawab pertanyaan serupa dengan keluhan Anda, Anda dapat menyimak diskusi serupa melalui tautan berikut:",,,,,,,1,,,,,,,,,,
167,Penyebab batuk berdahak yang disertai darah selama 4 minggu,,,,,,,,,,,,,,,1,,
168,Batuk disertai dahak ada bercak darah dan tenggorokan gatal,,,,,,,,,,,,,,,1,,
169,"Apabila Anda masih ingin berkonsultasi secara langsung dengan Dokter kami, silahkan mengunduh (download) dan login dengan Aplikasi Alodokter: Chat bersama Dokter di Android playstore.",,,,,,,1,,,,,1,,,,,
170,"Jika ada pertanyaan lanjutan / pertanyaan baru, silahkan klik Menu â€œBuat Pertanyaanâ€.",,,,,,,1,,,,,1,,,,,
171,Terima kasih.,,,,,,,,,,,,,,1,,,
172,"Mlm dok,sy mau bertanya bayi sy umur 10 bulan batuk pilek demam udh 3 hari",1,1,1,1,,1,,,,,,,,,,,
173,obat apa yg cocok tuk umur 10 bulan dok,,,,,,,,,1,,,,,,,,
174,"boleh kah di kasih vick balsem, ",,,,,,,,,1,,,,1,,,,
175,udh susah makan nya boleh kan ank sy di kasih vitamin?,,,,,,,,,1,,,,,,,,
176,vitamin yg cocok tuk umur 10 bulan itu apa dok,,,,,,,,,1,,,,,,,,
177,"Alo, terima kasih ya sudah bertanya di Alodokter.",,,,,,,,,,1,,,,,,,
178,Pada dasarnya semua baik dan bagus bila digunakan sesuai dengan indikasinya.,,,,,,,,,,,,,,,,,
179,"Saat ini, cukup banyak obat campuran / satuan untuk demam, batuk dan pilek untuk anak-anak yang dijual bebas (bertanda hijau atau biru) yang dapat dengan mudah dibeli.",,,,,,,,,,,,,,,,,
180,"Merk mana saja diperbolehkan untuk anda coba gunakan untuk anak anda, namun pastikan memang tertulis obat tersebut dianjurkan untuk diberikan pada anak usia dibawah 1 tahun",,,,,,,1,,,,,,,,,,
181,dan dengan memastikan pemberian obat sesuai dengan dosis yang tertera pada kemasan,,,,,,,1,,,,,,,,,,
182,jangan mengubah-ubah dosis secara sembarangan.,,,,,,,1,,,,,,,,,,
183,"Begitu pula untuk vitamin anak, cukup banyak pula vitamin yang dijual bebas",,,,,,,,,,,,,,,,,
184,namun sebaiknya diberikan bila benar-benar diperlukan saja karena kebutuhan vitamin dan mineral tambahan hanya dianjurkan bila sang anak mengalami kekurangan vitamin dan mineral saja. ,,,,,,,1,,,,,1,,,,,
185,Kebutuhan vitamin dan mineral sehari-hari secara umum seharusnya sudah dapat terpenuhi dengan baik selama anda memberikan ASI dan MPASI yang sesuai kebutuhan dengan usianya dan dengan jenis makanan yang beragam serta bergizi.,,,,,,,1,1,,,,,,,,,
186,Bila anda sudah mencoba memberikan obat bebas dengan dosis yang disesuaikan dengan yang ada pada kemasan secara rutin minimal 3 hari,,,,,,1,,,,,,1,,,,,
187,"tetapi keluhan dirasa tidak mengalami perbaikan, maka sebaiknya konsultasikan kembali kondisi anak anda dengan dokter.",,,,,,,1,,,,,1,,,,,
188,"Namun jika selama masa konsumsi obat keluhan tampak menjadi lebih berat seperti demam semakin tinggi (mencapai 39 derajat atau lebih), anak tampak sesak, anak cenderung tidur saja, tidak mau makan / minum, atau kejang, segera bawa anak anda ke IGD rumah sakit untuk mendapatkan penanganan lebih lanjut di rumah sakit.",,,,1,,,1,,,,,1,,,,,
189,Semoga membantu.,,,,,,,,,,,,,,1,,,
190,"Halo dok saya Saldi umur 20 tahun,",1,1,,,,,,,,,,,,,,,
191,"saya ingin bertanya dok obat untuk batuk , dan flu yang di sertai demam apa ya dok terima kasih sebelumnya dok",,,1,,,,,,1,,,,,,,,
192,"Alo, selamat malam",,,,,,,,,,1,,,,,,,
193,"kondisi yang anda alami berupa batuk, pilek dan demam hal ini dapat disebabkan karena imfeksi virus seperti rhinovirus, influenza atau virus covid 19 dan lainnya.",,,1,,,,,,,,1,,1,,,,
194,umumnya jika disebabkan oleh virus tidak diperlukan pengobatan antibiotik dan umumnya akan membaik dengan sendirinya yang diperlukan obat sesuai gejala yang dialami.,,,,,,,1,,,,1,,1,,,,
195,"keluhan yang anda alami sebenaranya bisa konsumsi obat kombinasi yang isinya ada paracetamol, obat pilek seperti anthistamin atau dekongestan",,,,,,,1,,,,,,1,,,,
196,serta obat batuk tergantung jenis batuk yang anda alami seperti kering atau berdahak anda bisa beli obat ini bebas di apotik terdekat.,,,,,,,1,,,,,1,1,,,,
197,"serta sebaiknya disertai konsumsi multivitamin seperti vitami c, d, e atau zink.",,,,,,,1,,,,,,1,,,,
198,"selain dnegan obatan anda bisa konsumsi air putih yang banyak,",,,,,,,1,,,,,,1,,,,
199,"konsumsi madu, atau air rebusan jahe.",,,,,,,1,,,,,,1,,,,
200,jika keluhan anda semakin berat ,,,,,,,,,,,,1,,,,,
201,dan ada curiga kontak dengan penderita covid maka sebaiknya melakukan tes covid. ,,,,,,,1,,,,,1,,,,,
202,serta saat sakit sebaiknya tetap dirumah,,,,,,,1,,,,,1,,,,,
203,dan jangan lupa melakukan prokes ynag ketat.,,,,,,,1,,,,,,,,,,
204,jika keluhan demam tinggi selama 3 hari ada keluhan sesak napas maka segera hubungi layanan fasilitas kesehatan atau segera ke rumah sakit terdekat.,,,,1,,1,1,,,,,1,,,,,
205,semoga dapat membantu,,,,,,,,,,,,,,1,,,
206,"Halo Dokter, Saya seorang pegawai swasta berumur 24 tahun",1,1,,,,,,,,,,,,,,,
207,"beberapa hari yang lalu, saya terkena batuk dan flu, ",,,1,,1,,,,,,,,,,,,
208,namun Alhamdulillah sekarang tinggal batuknya saja yang masih blm sembuh.,,,1,,1,,,,,,,,,,,,
209,"Namun saya merasa debaran jantung saya sangat terasa selama beberapa detik seperti ""DEG DEG"", lalu normal kembali. hitungan beberapa menit, terulang kembali. ",,,,1,1,1,,,,,,,,,,,
210,Dan itu sudah berlangsung selama 3 hari dok..,,,,1,,1,,,,,,,,,,,
211, Olahraga apa yang cocok dalam keadaan seperti ini dok?,,,,,,,,,1,,,,,,,,
212,apakah perlu mengkonsumsi makanan khusus untuk mengobatinya dok?,,,,,,,,,1,,,,,,,,
213,"Mohon penjelasannya dokter, Terima kasih",,,,,,,,,,,,,,,,,
214,"Alo, terimakasih atas pertanyaannya.",,,,,,,,,,1,,,,,,,
215,"Batuk dan pilek seringnya terjadi akibat saluran pernapasan meradang, misalnya karena alergi, aspirasi benda asing, ",,,1,,,,,,,,1,,,,,,
216,"erpapar asap atau iritan lain, ",,,,,,,,,,,1,,1,,,,
217,"kontak dengan udara kering,",,,,,,,,,,,1,,,,,,
218," infeksi virus atau bakteri,",,,,,,,,,,,1,,,,,,
219," aspirasi benda asing,",,,,,,,,,,,1,,,,,,
220,hingga sensitifitas berlebih terhadap obat tertentu.,,,,,,,,,,,1,,,,,,
221,"Jika Anda mengkonsumsi obat tertentu saat mengalami batuk dan pilek, maka bisa jadi detak jantung abnormal yang Anda rasakan muncul akibat efek samping pengobatan tersebut.",,,,,,,1,1,,,,,,,,,
222,"Namun selain itu, jantung yang berdebar tidak wajar tersebut mungkin juga timbul akibat pencetus lain, seperti konsumsi kafein berlebihan,",,,,1,,,,,,,1,,,,,,
223,"terlalu cemas atau stres,",,,,,,,,,,,1,,,,,,
224,"kelelahan beraktifitas, ",,,,,,,,,,,1,,,,,,
225,"gangguan keseimbangan elektrolit,",,,,,,,,,,,1,,,,,,
226,"bengkak jantung,",,,,,,,,,,,1,,,,,,
227,"gangguan irama atau katup jantung,",,,,,,,,,,,1,,,,,,
228,"hipertiroidisme, gangguan psikis, dan banyak lagi gangguan medis lainnya.",,,,,,,,,,,1,,,,,,
229,"Saran kami, dengan kondisi Anda tersebut, cobalah lakukan dulu:",,,,,,,,,,,,,,1,,,
230,"Perbanyak istirahat, jangan dulu lakukan olahraga berat, cukup lakukan olahraga aerobik dan relaksasi semampunya",,,,,,,1,,,,,,,,,,
231,"Jauhi kafein, alkohol, soda, dan rokok",,,,,,,1,,,,,,1,,,,
232,Tidak dulu sembarangan meminum obat,,,,,,,1,,,,,,,,,,
233,"Banyak minum air putih, ",,,,,,,1,,,,,,1,,,,
234,"makan sayur serta buah, ",,,,,,,1,,,,,,1,,,,
235,hindari dulu makan es dan goreng-gorengan jika masih batuk,,,,,,,1,,,,,,1,,,,
236,enangkan pikiran Anda,,,,,,,1,,,,,,,,,,
237,"Akan tetapi, jika dada terasa sesak, bagai ditekan benda berat, lemas, mudah lelah, demam, atau muncul keluhan lain yang mengganggu, baiknya diperiksakan langsung saja ke dokter atau dokter penyakit dalam ya..",,,,1,,,1,,,,,1,,,,,
238,Semoga membantu.,,,,,,,,,,,,,,1,,,
239,dok anak saya flu batuk udh 2 minggu,1,,1,,,1,,,,,,,,,,,
240,skrng serak suara nya,,,,1,,,,,,,,,,,,,
241,tpi sudah di swab negatif,,,,,,,1,1,,,,,,,,,
242,"pke apa yg dok udh di resepin berobat dri klinik cefadroxil syr ,pacdin cough sama curcuma tapi masih aja",,,,,,,1,1,,,,,1,,,,
243,gmn yh dok ?,,,,,,,,,1,,,,,,,,
244,Terima kasih atas pertanyaannya.,,,,,,,,,,1,,,,,,,
245,"Batuk merupakan respon pada tubuh yang dapat disebabkan baik karena mengalami alergi,",,,1,,,,,,,,1,,,,,,
246,"iritasi pada saluran pernapasan, ",,,,,,,,,,,1,,,,,,
247,"infeksi pada saluran pernapasan, dan sebagainya",,,,,,,,,,,1,,,,,,
248,"Batuk tersebut dapat terjadi dengan karakteristik seperti batuk berdahak, batuk kering, batuk berdarah, dan sebagainya.",,,1,,,,,,,,,,,,,,
249,"Selain itu batuk juga dapat disertai dengan gejala lain misalnya demam, nyeri dada, sesak napas, dan sebagainya.",,,1,1,,,,,,,,,,,,,
250,Pada umumnya batuk yang tidak sembuh-sembuh umumnya dapat disebabkan karena infeksi. ,,,,,,,,,,,,,,,,,
251,Pada kondisi tersebut perlu diberikan penanganan sesuai misalnya dengan pemberian antibiotik.,,,,,,,1,,,,,1,,,,,
252,Namun pada batuk yang tidak sembuh-sembuh dengan pemberian obat-obatan maka perlu dilakukan pemeriksaan penunjang misalnya rontgen.,,,,,,,1,,,,,1,,,,,
253,Saat ini sebaiknya melakukan pemeriksaan ke dokter spesialis anak agar dapat dilakukan pemeriksaan lanjutan dan mendapatkan penanganan yang sesuai.,,,,,1,,1,1,,,,,,,,,
254,"Terima kasih, semoga membantu.",,,,,,,,,,,,,,1,,,
255,"Selamat malam dok, anak sy batuk filek, nafasnya berbunyi. ",1,,1,1,,,,,,,,,,,,,
256,"Boleh kah saya uap,",,,,,,,,,1,,,,,,,,
257,dan dosis combivent nebulizer untuk bayi 1tahun 3bulan brp ya dok..Terimakasih,,,,,,,,,1,,,,,,,,
258,,,,,,,,,,,,,,,,,,
259,"Alo Nunung, Terima kasih atas pertanyaannya untuk Alodokter,",,,,,,,,,,1,,,,,,,
260,"Kondisi napas bayi yang berbunyi dimana disertai dengan sesak napas, batuk, demam, dan lemas dapat merupakan tanda bahaya yang memerlukan penanganan segera. ",,,,1,,,1,,,,,1,,,,,
261,Napas berbunyi dapat disebabkan oleh adanya cairan yang mengganggu pernapasan pada saluran pernapasan hingga paru-paru yang umumnya diakibatkan oleh infeksi seperti pada penyakit pneumonia dan bronkiolitis.,,,,1,,,,,,,1,,1,,,,
262,"Pada kondisi nafas bayi yang berbunyi, terapi menggunakan nebulizer dan obat Combivent perlu diberikan dengan menghitung dosis berdasarkan berat badan anak bukan usia. ",,,,1,,,1,,,,,1,,,,,
263,"Selain itu, pemberian obat Combivent kepada bayi sebaiknya tidak dilakukan di rumah karena berisiko kepada efek samping yang mengancam jiwa jika tidak dilakukan dalam pengawasan dokter.",,,,,,,1,1,,,,,,,,,
264,"Maka dari itu, jika bayi tampak mengalami sesak napas, pernapasan cepat, atau napas berbunyi, maka sebaiknya segera periksakan anak anda ke UGD atau fasilitas kesehatan terdekat untuk diberikan penanganan darurat.",,,,1,,,1,,,,,1,,,,,
265,"Demikian informasi yang dapat disampaikan, semoga bermanfaat. Terima kasih.",,,,,,,,,,,,,,,1,,
266,Saat ini dia sedang batuk2 terus dan pilek,1,,1,,,,,,,,,,,,,,
267,bolehkah saya kasih dia minum Lo Han Kuo untuk anak apakah tidak boleh ? Terimakasih,,,,,,,,,1,,,,,,,,
268,"Alo, selamat siang bunda",,,,,,,,,,1,,,,,,,
269,lo han kuo merupakan jenis buah dari kelompok labu yang dikenal memiliki rasa manis. ,,,,,,,,,,,,,,,,,
270,manfaat dari buah ini untuk kesehatan sudah di kenal dalam pengobatan tradisional tiongkok.,,,,,,,,,,,,,,,,,
271,buah ini sering dikonsumsi dalam bentuk teh untuk meredakan radang tenggorokan.,,,,,,,,,,,,,,,,,
272,"umumnya minuman ini aman dikonsumsi oleh anak-anak, namun untuk manfaatnya mengobatai batuk pilek oleh anak anda saya tidak bisa menjamin ke efektifannya.",,,,,,,,,,,,,,,,,
273,"umumnya batuk pilek umum dialami anak yang kerap disebabkan oleh imfeksi seperti virus,",,,1,,,,,,,,1,,,,,,
274,"bunda bisa berikan anak cairan yang cukup,",,,,,,,1,,,,,,,,,,
275,"memberikan anak uap panas yang bisa di hirupnya, ",,,,,,,1,,,,,,1,,,,
276,"berikan 2 sendok madu yang dicampur dengan perasang lemon,",,,,,,,1,,,,,,1,,,,
277,"serta megoleskan balsem khusus untuk anak dibagian dada, perut anak. ",,,,,,,1,,,,,,1,,,,
278,jika disebabkan oleh virus umumnya akan pulih dalam beberapa hari.,,,,,,,,,,,,,,,,,
279,namun jika pilek dan batuk anak cukup menganggu bunda bisa temui dokter secara langsung untuk mendapatkan pemeriksan dan penanganan lebih lanjut ya bunda.,,,,,,,1,1,,,,1,,,,,
280,saya juga menginfokan mengingat saat ini sedang meningkatnya kasus corona sebaiknya untuk menerapkan protokol kesehatan yang ketat ,,,,,,,1,,,,,,,1,,,
281,dan melakukan vaksin yang lengkap ya bunda agar anak-anak tidak terular dari orang dewasa,,,,,,,1,1,,,,,,,,,
282,semoga dapat membantu,,,,,,,,,,,,,,1,,,
283,"Pagi dok, kalau pilek batuk kan biasanya harus menghindari minyak,",,,1,,,,1,,,,,,,,,,
284,kalo menggunakan ekstra virgil olive oil apa juga harus dihindari?,,,,,,,,,1,,,,,,,,
285,salam alo terima kasih telah bertanya kepada kami berkaitan dengan konsumsi makanan yang dilakukan saat mengalami batuk dan pilek,,,,,,,,,,1,,,,,,,
286,"secara umum penyebab batuk dan pilek adalah virus dan bakteri dan juga keluhannya dapat beruba rasa tak nyaman ditenggorokan dan bahkan nyeri,",,,1,1,,,,,,,1,,,,,,
287,"untuk itu anda disarankan untuk mengonsumsi makanan yang membuat keluhan makin berta seperti makanan pedis , derminyak dan sulit ditelan,",,,,,,,1,,,,,,1,,,,
288,"secara umum makanan yang disarankan adalah yang mampu melegakan kondisi anda seperti, air putih hangat, madu, sayur sayuran, jahe sehingga membuat keluhan anda lebih ringan",,,,,,,,,,,,,1,,,,
289,"jika keluhan anda tak kunjung membaik , sebaiknya melakukan konsultasi langsung ke dokter, untuk diberikan obat obatan yang menangani keluhan anda",,,,,,,1,1,,,,1,,,,,
290,semoga membantu salam sehat,,,,,,,,,,,,,,1,,,
291,Dok saya lagi hamil 17 minggu 5 hari.,1,,,,,,,,,,,,,,,,
292,"Dari awal kehamilan saya udh batuk pilek, sudah berobat ke sana kemarin tapi tidak ilang2 batuk pilek ya",,,1,,,,1,1,,,,,,,,,
293,dan 35 hari ini hidung saya tersumbat bngt dokter tidur kurang tapi tidak meler sedikit pun lendir dok..,,,,1,,1,,,,,,,,,,,
294,Kira2 buat sembuhin mampet ini saya harus gmna ya dokter,,,,,,,,,1,,,,,,,,
295,Salam alo terima kasih telah bertanya kepada kami.,,,,,,,,,,1,,,,,,,
296,"Terkait pertanyaan Anda di atas, perlu diektahui sebelumnya bahwa, secara umum terjadi beberapa perubahan fisiologis pada tubuh ibu hamil. ",,,,,,,,,,,,1,,,,,
297,"Salah satu yang cukup sering ialah sistem pertahanan tubuh yang justru menurun, oleh karena tubuh berusaha menyesuaikan diri agar tidak menganggap janin dalam kandungannya sebagai benda asing dan melenyapkannya dengan sistem imun.",,,,,,,1,,,,,,,,,,
298,"Oleh karena lemahnya sistem imun ibu hamil, maka seringkali penyakit-penyakit harian mudah terjadi pada ibu hamil seperti batuk pilek, terutama yang disebabkan oleh infeksi virus.",,,1,,,,,,,,1,1,,,,,
299,"Penyebab batuk dan pilek bisa berbagai macam. Secara umum dibagi menjadi penyebab infeksi dan non infeksi,",,,1,,,,,,,,1,,,,,,
300,"infeksi pada saluran nafas, bisa disebabkan oleh virus ataupun bakteri. ",,,,,,,,,,,1,,,,,,
301,"Infeksi dapat terjadi pada hidung (rhinitis), sinus (sinusitis), tonsil atau amandel (tonsilitis), faring (faringitis), bagian bronkus (bronkitis), dan infeksi pada paru (pneumonia).",,,,,,,,,,,,,1,,,,
302,"Penyebab non infeksi misalnya iritasi dari lingkungan, kekambuhan dari kondisi kronis seperti bronkitis kronis, emfisema, asma, atau alergi.",,,,,,,,,,,1,,1,,,,
303,Penyebab non infeksi biasanya ditandai dengan gejala muncul saat terpapar zat tertentu.,,,,,,,,,,,1,,,,,,
304,Batuk pilek yang kemungkinan besar disebabkan karena selesma (common cold) kemungkinan besar tidak akan mempengaruhi janin dalam kandungan.,,,1,,,,,,,,1,,,,,,
305,Beberapa hal yang dapat Anda lakukan untuk mengurangi gejala batuk dan pilek antara lain:,,,,,,,,,,,,,,1,,,
306,Istirahat dan tidur secukupnya,,,,,,,1,,,,,,,,,,
307,Tetaplah aktif dan berolahraga secukupnya,,,,,,,1,,,,,,,,,,
308,Makan makanan yang bergizi terutama buah-buahan dan sayur,,,,,,,1,,,,,,1,,,,
309,Minum banyak air putih hangat,,,,,,,1,,,,,,1,,,,
310,Gunakan pelembab udara atau humidifier,,,,,,,1,,,,,,1,,,,
311,"Jaga kebersihan rumah, ",,,,,,,1,,,,,,,,,,
312,"hindari asap, debu, atau bulu binatang",,,,,,,1,,,,,,1,,,,
313,Hindari rokok dan paparan asap rokok,,,,,,,1,,,,,,1,,,,
314,Berkumur dengan air garam hangat,,,,,,,1,,,,,,1,,,,
315,Melakukan irigasi hidung bila sumbatan pada hidung sangat mengganggu,,,,,,,1,,,,,1,,,,,
316,Madu juga dapat membantu meredakan batuk dan nyeri tenggorok,,,,,,,1,1,,,,,,,,,
317,"Bila anda demam, konsumsi parasetamol atau ibuprofen aman untuk ibu hamil",,,,,,,1,,,,,1,1,,,,
318,"Apabila dirasa keluhan Anda bertambah atau ada keluhan lain dan untuk mengetahui lebih pasti penyebab keluhan Anda, disarankan untuk berkonsultasi secara langsung kepada dokter ahli. ",,,,,,,1,,,,,1,,,,,
319,"Nantinya dokter akan melakukan tanya jawab lebih detail dengan Anda, ",,,,,,,1,,,,,,,,,,
320,"dilakukan pemeriksaan fisik, dan pemeriksaan penunjang. ",,,,,,,1,,,,,,,,,,
321,Kemudian akan dilakukan penanganan sesuai kondisi medis Anda.,,,,,,,1,,,,,,,,,,
322,"Salam sehat, semoga membantu.",,,,,,,,,,,,,,1,,,
323,"Siang dok saya mau tanya ank saya panas nya 39,9Â° rewel ada batuk pilek juga",1,,1,1,,,,,,,,,,,,,
324,udh berobat tapi belum ada perkembangan ,,,,,,,1,1,,,,,,,,,
325,sebaiknya gimana ya dok terimaksih,,,,,,,,,1,,,,,,,,
326,"Alo, selamat siang bunda",,,,,,,,,,1,,,,,,,
327,demam dapat dikatakan jika suhu tubuh meningkat mencapai 38 derajat atau lebih.,,,,1,,,,,,,,,,,,,
328,"demam suatu reakasi tubuh sedang melawan infeksi baik akiabt virus, bakteri, jamur maupun parasit. ",,,,1,,,,,,,1,,,,,,
329,"demam juga dapat terjadi akibat paparan suhu atau cuaca panas, serta efek samping vaksin.",,,,1,,,,,,,1,,,,,,
330,demam merupakan suatu gejala dari suatu penyakit.,,,,,,,,,,,,,,,,,
331,"gejala demam dapat disertai gejala lainnya seperti batuk, pilek dan lainnya.",,,,1,,,,,,,,,,,,,
332,batuk pilek dapat disebabkan karena alergi dan infeksi.,,,1,,,,,,,,1,,,,,,
333,umumnya jika disertai demam kemungkinan akibat infeksi bisa virus atau bakteri.,,,,,,,,,,,1,,,,,,
334,"jika akibat virus bisa rhinovirus, influenza, atau virus corona dan lainnya.",,,,,,,,,,,1,,1,,,,
335,jika akibat virus tidak perlu pengobatan khusus umumnya akan membaik dalam 7-14 hari penanganan sesuai gejala saja. ,,,,,,1,1,1,,,1,,,,,,
336,beda dengan virus corona penangnan sesuai keparahan gejala.,,,,,,,1,,,,1,,,,,,
337,jika akibat bakteri maka diperlukannya penangnan berupa antibiotik,,,,,,,1,,,,1,,,,,,
338,saran saya jika demam tidak kunjung turun dalam 3-5 hari atau demam semakin tinggi hingga mencapai 40 derajat maka segera bawa anak ke UGD terdekat bunda agar segara ditangani dengan tepat. ,,,,,,,1,,,,,1,,,,,
339,dirumah ada berapa hal yang bisa bunda lakukan untuk mengatasi hal ini seperti :,,,,,,,,,,,,,,1,,,
340,konsumsi air putih yang banyak,,,,,,,1,,,,,,,,,,
341,kompres hangat pada bagain sela ketiak dan selangkangan,,,,,,,1,,,,,,,,,,
342,selalu pantau suhu tubuh anak,,,,,,,1,,,,,,,,,,
343,konsumsi obat seperti paracetamol sirup,,,,,,,1,,,,,,1,,,,
344,jika anak sudah diatas 1 tahun bunda bisa berikan madu sehari sekali,,,,,,,1,,,,,1,,,,,
345,anda bisa ke dokter anak jika keluhan tidak membaik dalam 3-5 hari demamnya ya bunda agar dapat dilakukan pemeriksaan lebih lanjut seperti cek darah salah satunya.,,,,,,,1,1,,,,1,,,,,
346,semoga dapat membantu,,,,,,,,,,,,,,1,,,
347,"Dok saya mau tanya, sama flu dan batuk,",,,1,,,,,,,,,,,,,,
348,"trus setelah kurang lebih 5 hari saya flu batuk, flu saya ingus nya berubah warna yg hidung sebelah kiri menjadi kuning tapi kemerahan seperti ada darah nya,Klo yg sebelah kanan normal putih kental saja,",,,,1,1,,,,,,,,,,,,
349,kira2 itu bahaya gk ya dok ? Terimakasih,,,,,,,,,1,,,,,,,,
350,Terima kasih atas pertanyaannya di Alodokter.,,,,,,,,,,1,,,,,,,
351,Batuk dan pilek merupakan cara tubuh untuk mempertahankan diri dengan mengeluarkan benda asing dari saluran pernapasan.,,,1,,,,,,,,,,,,,,
352,"Contoh penyebab batuk adalah infeksi saluran pernapasan atas baik oleh virus, bakteri maupun mikroorganisme lain, pneumonia, asma, adanya benda asing yang masuk saluran napas (tersedak), dan lain-lain. ",,,1,,,,,,,,1,,,,,,
353,Pengobatan untuk setiap penyebab batuk ini berbeda-beda.,,,,,,,1,,,,,,,,,,
354,Keluarnya darah dari hidung berwarna kemerahan mungkin tidak berdampak langsung terhadap kadar Hemoglobin (tidak langsung menyebabkan Anda anemia).,,,,1,,,,,,,,,,,,,
355,"Akan tetapi, sebaiknya penyebab utama dari batuk dan pilek yang Anda alami ini dikaji lebih lanjut oleh dokter secara langsung.",,,,,,,1,,,,,,,,,,
356,Salah satu kemungkinan penyebab batuk yang perlu Anda waspadai adalah pneumonia.,,,,,,,,,,,1,,,,,,
357,Pneumonia adalah peradangan jaringan parenkim paru.,,,1,,,,,,,,,,,,,,
358,Hal ini merupakan salah satu masalah pada pernapasan dan bisa mengakibatkan kesulitan bernapas bila kondisinya berat.,,,1,1,,,,,,,,,,,,,
359,"Beberapa gejala yang dapat menyertai pneumonia adalah demam, batuk, sesak napas, dan pergerakan dada tampak cepat. ",,,1,1,,,,,,,,,,,,,
360,"Pneumonia sering disebabkan oleh infeksi mikroorganisme, misalnya virus dan bakteri. ",,,1,,,,,,,,1,,,,,,
361,"Karena saat ini masih pandemi COVID-19, bila didapatkan hasil pemeriksaan rontgen demikian dan ada gejala yang mendukung, maka perlu dicurigai pneumonia tersebut disebabkan oleh COVID-19 sampai terbukti bukan (bisa dengan bantuan pemeriksaan swab PCR). ",,,1,,,,,,,,,1,,,,,
362,"Penyebab lain pneumonia, yaitu infeksi bakteri juga masih mungkin.",,,,,,,,,,,1,,,,,,
363,Pemeriksaan secara langsung perlu dilakukan untuk dapat mengetahui penyebab dari keluhan batuk dan pilek Anda. ,,,,,,,1,1,,,,,,,,,
364,Dokter mungkin akan menyarankan pemeriksaan laboratorium bila diperlukan.,,,,,,,1,,,,,,,,,,
365,Sementara ini Anda dapat memberikan obat penurun panas paracetamol sesuai dengan cara pemberian yang ada di kemasannya.,,,,,,,1,,,,,1,1,,,,
366,"Hindari pemberian antibiotik secara tidak bertanggung jawab, antibiotik hanya boleh diberikan oleh dokter dan perlu pengawasan dokter (termasuk obat keras). ",,,,,,,1,,,,,1,1,,,,
367,pastikan cukup makan makanan yang bergizi juga ya.,,,,,,,1,,,,,,,,,,
368,Semoga membantu.,,,,,,,,,,,,,,1,,,
369,"Dok saya beberapa hari yang lalu melakukan tes PCR dan hasilnya negatif,",,,,,1,,1,1,,,,,,,,,
370,setelah itu saya merasakan hidung pengar dan tenggorokan kering.. ,,,,1,1,,,,,,,,,,,,
371,setelah itu di saya merasakan pilek batuk berdahak kadang kadang dan perubahan dalam suara..,,,,1,1,,,,,,,,,,,,
372,apakah itu flu batuk biasa atau gejala lain ya dok? Terimakasih,,,,,,,,,1,,,,,,,,
373,"Alo, Terima kasih atas pertanyaannya.",,,,,,,,,,1,,,,,,,
374,"Keluhan batuk berdahak dan pilek dapat disebabkan oleh: infeksi saluran pernapasan atas, sinusitis, bronkitis, infeksi COVID-19",,,,,,,,,,,1,,,,,,
375,Tes swab PCR merupakan salah satu tes yang dianjurkan untuk mendeteksi infeksi COVID-19. ,,,,,,,,,,,,,,,,,
376,Tes ini mendeteksi materi genetik virus pada sampel usapan lendir dari belakang hidung dan tenggorokan.,,,,,,,,,,,,,,,,,
377,"Untuk mendapatkan hasil yang akurat, tes ini perlu dilakukan di waktu yang tepat. ",,,,,,,,,,,,,,,,,
378,Hasil tes PCR yang menunjukkan hasil negatif bisa saja disebabkan oleh tes yang dilakukan terlalu dini atau terjadi kesalahan teknik dalam pengambilan sampel. ,,,,,,,,,,,1,,,,,,
379,"BIasaya jika seseorang masih memiliki gejala saluran pernapasan dan sebelumnya ada riwayat kontak dengan penderita COVID-19 atau memiliki risiko tinggi tertular COVID-19, maka tes PCR ulang perlu dianjurkan.",,,1,1,,,1,,,,,,,,,,
380,"Saran saya, silakan memeriksakan diri ke dokter umum terdekat dulu.",,,,,,,1,,,,,,,,,,
381,"Dokter perlu melakukan tanya jawab untuk mengetahui keluhan Anda lebih lanjut dan memeriksa Anda, ",,,,,,,1,,,,,,,,,,
382,jika diperlukan dokter dapat menganjurkan untuk melakukan tes swab PCR ulang,,,,,,,1,,,,,,,,,,
383,dan memberikan penanganan lebih lanjut.,,,,,,,1,,,,,,,,,,
384,"Untuk saat ini, silakan Anda melakukan beberapa anjuran berikut:",,,,,,,,,,,,,,1,,,
385,istirahat cukup 7-9 jam setiap hari,,,,,,1,1,,,,,,,,,,
386,perbanyak konsumsi makanan bergizi,,,,,,,1,,,,,,,,,,
387,cukupi konsumsi air putih minimal 2 liter per hari,,,,,,,1,,,,,,,,,,
388,hindari aktivitas fisik berlebihan,,,,,,,1,,,,,,,,,,
389,terapkan protokol kesehatan yang baik,,,,,,,1,,,,,,,,,,
390,Semoga membantu.,,,,,,,,,,,,,,1,,,
391,"Selamat Malam Dokter,Putri saya usia 20 bln sedang Bapil",1,1,1,,,,,,,,,,,,,,
392,Dia sejak kecil full ASI dan tidak mau sufor,,,,,,,1,,,,,,,,,,
393,sekarang anak saya minum ASIP dan UHT saat saya tinggal bekerja karena sufor dia tidak mau sama sekali.,,,,,,,1,,,,,,,,,,
394,Namun sekarang ini dia sedang Bapil,,,1,,,,,,,,,,,,,,
395,apakah benar minum susu UHT bikin batuk putri saya semakin parah/ tidak cepat sembuh?,,,,,,,,,1,,,,,,,,
396,bolehkah anak Bapil tetap minum susu UHT?,,,,,,,,,1,,,,,,,,
397,"Alo, sqya dr. Tirtawati Wijaya. Terima kasih sudah bertanya ke Alodokter.",,,,,,,,,,1,,,,,,,
398,Anak berusia 20 bulan sudah dapat menerima makanan pendamping ASI,,,,,,,,,,,,,1,,,,1
399,"baik berupa makanan padat maupun cair, untuk memenuhi kebutuhan nutrisinya Makanan dan minuman untuk anak usia 20 bulan sudah dapat mulai mengikuti menu keluarga.",,,,,,,,,,,,,,,,,1
400,Susu UHT pada dasarnya sama dengan susu segar.,,,,,,,,,,,,,1,,,,1
401,Perbedaan utama terletak pada proses pemanasan suhu tinggi (Ultra High Temperature) untuk membunuh kuman sebelum dikemas. Dengan demikian susu UHT per se tidak memperparah batuk pilek anak Anda.,,,,,,,,,,,,,,,,,1
402,"Yang perlu Anda perhatikan adalah kandungan tambahan pada susu UHT, seperti perisa dan pewarna buatan, gula, dll.",,,,,,,1,,,,,,,,,,
403,"Berbagai zat tambahan ini memang dapat membuat susu UHT lebih lezat dan disukai oleh anak, namun kadangkala dapat mengiritasi tenggorokan. ",,,,,,,,,,,,,,,,,1
404,Karenanya perlu ketelitian dalam memilih susu UHT untuk anak.,,,,,,,1,,,,,,,,,,
405,"Berikut ini adalah beberapa artikel mengenai susu UHT untuk informasi tambahan bagi Anda:
https://www.alodokter.com/susu-uht-ketahui-fakta-dan-mitosnya-di-sini
https://www.alodokter.com/kapan-anak-bisa-minum-susu-uht
https://www.alodokter.com/susu-pasteurisasi-vs-susu-segar-ini-faktanya
",,,,,,,,,,,,,,,1,1,
406,"Demikianlah penjelasan saya, semoga bermanfaat. Salam sehat selalu.",,,,,,,,,,,,,,1,,,
407,"Selamat siang Dok, saya dgn Astri ingin bertanya.Anak saya usia 3 bulan sdh 2 hari ini bapil",1,1,,,1,1,,,,,,,,,,,
408,"tanpa ada demam, masih getol minum ASI, nafas tidak sesak, cuma tidurnya agak terganggu tiap batuk, karena tiap batuk tuh dia kaya mau ngeluarin sesuatu (mungkin dahak).",,,,1,,,,,,,,,,,,,
409,"Sdh saya lakukan pijat bapil setelah mandi air hangat, penggunaan humidifier, uap air hangat, menempatkan potongan bawang merah di pojok kamar, dan membalur punggung dan dadanya dgn balsam bayi (tr*nspul***),",,,,1,,,,,,,,,,,,,
410,"tp batuknya msh sama, grok gitu.",,,,,,,,1,,,,,,,,,
411,Tetangga ada yg menyarankan diberi obat rhin*** utk bayi krna anak tetangga saya ampuh minum obat itu. Apa boleh? ,,,,,,,,,1,,,,,,,,
412,apa lbh baik langsung saya bawa ke DSA saja dok?,,,,,,,,,1,,,,,,,,
413,"Alo, Terima kasih atas pertanyaannya.",,,,,,,,,,1,,,,,,,
414,"Adanya batuk pilek pada anak tanpa adanya demam dan adanya tidur yang terganggu dapat disebabkan oleh banyak kemungkinan penyebab seperti:
Batuk pilek alergi.
Common cold.
Bronkiolitis.",,,,1,,,,,,,1,,,,,,
415,"Sebaiknya, apabila dengan beberapa kiat seperti memberikan uap dan sebagainya tidak terdapat perbaikan gejala dalam beberapa hari ini, periksakanlah anak Anda ke dokter spesialis anak, ya.",,,,,,,1,1,,,,1,,,,,
416,misalnya dengan pemberian obat batuk yang sesuai dengan anak seusianya.,,,,,,,1,,,,,,,,,,
417,"Untuk sementara waktu, pastikan kebutuhan cairan anak terpenuhi misalnya dengan ASI, monitor keluhan lain yang muncul, serta berikan bantalan pada anak ketika tidur sehingga kepala lebih tinggi dibandingkan badannya. ",,,,,,,1,,,,,,,,,,
418,"Jangan lupa untuk memonitor dan mengidentifikasi gejala lainnya yang muncul, ya.",,,,,,,1,,,,,,,,,,
419,"Semoga informasi ini dapat membantu dan semoga lekas sembuh ya.
Salam.
",,,,,,,,,,,,,,1,,,
420,Dok anak saya 4 bulan lalu di kasih obat mufabethamin ukuran 3Ã—1/5 .,1,,,,,,1,,,,,,1,,,,
421,sekarang anak saya batuk pilek panas dan kata nya tenggorokannya sakit .,,,1,1,,,,,,,,,,,,,
422,apa boleh diminum kan kembali ?,,,,,,,,,1,,,,,,,,
423,Terima kasih atas pertanyaannya.,,,,,,,,,,1,,,,,,,
424,Pemberian obat pada anak berbeda dengan dewasa karena pada anak dosis obat disesuaikan dengan berat badan dan usia pada anak. ,,,,,,,,,,,,,,,,,1
425,Selain itu obat yang diberikan 4 bulan yang lalu disesuaikan dengan kondisi anak pada saat itu.,,,,,,,1,,,,,,,,,,
426,Sedangkan pada anak batuk pilek panas tersebut paling sering dikarenakan virus yang akan membaik dengan sendirinya tanpa pemberian obat khusus.,,,,,,,,1,,,1,,,,,,1
427,"Sebaiknya ibu dapat tetap memberikan cairan yang cukup, tetap memberikan makanan bergizi, istirahat cukup",,,,,,,1,,,,,,,,,,
428,memberikan paracetamol apabila demam tidak kunjung turun. Serta apabila demam lebih dari 5 hari segera ke dokter.,,,,,,,1,,,,,1,,,,,
429,"Terima kasih, semoga membantu.",,,,,,,,,,,,,,1,,,
430,"Selamat sore dok, saya erni umur 40 tahun. Minggu lalu sebelum menstruasi sy flu pilek dan mulai ada batuk. ",1,1,1,1,,1,,,,,,,,,,,
431,Setelah flu pilek sembuh ganti jadi batuk kering. ,,,,,,1,,,,,,,,,,,
432,Selama batuk kering sy batuk sampek perut bagian atas sakit begitu juga bagian belikat saya,,,,1,,,,,,,,,,,,,
433,. Setelah h+2 sy menstruasi batuk saya sembuh sendiri.,,,,,,1,,1,,,,,,,,,
434,skrg stelah h+3 perut saya ttep kerasa sakit dri kiri ke kanan jdi kayak kram gt dan kebetulan saya jg pnya riwayat penyakit maag. ,,,,1,,,,,,,,,,,,,
435,"Apa sakit perut ini efek dari saya batuk ya dok? Soalnya ini kerasa panas juga,",,,,1,,,,,1,,,,,,,,
436,"Alo, Terima kasih atas pertanyaannya.",,,,,,,,,,1,,,,,,,
437,"Pilek, batuk kering, dan nyeri pada perut sampai belikat dengan riwayat sedang menstruasi dan adanya riwayat maag dapat disebabkan oleh beberapa kemungkinan penyebab seperti:
Common cold.
Dismenorea.
Faktor batuk yang terlalu keras.",,,,,,,,,,,1,,,,,,
438,"apabila dalam 3-5 hari keluhan masih belum membaik dan disertai dengan keluhan lain seperti demam, gangguan penciuman, sesak napas, diare, dll, periksakan diri Anda ke dokter, ya.",,,,,,,1,,,,,1,,,,,
439,Minum air hangat untuk meredakan batuk.,,,,,,,1,,,,,,,,,,
440,Minum parasetamol untuk meredakan kram.,,,,,,,1,,,,,,,,,,
441,Kompres bagian perut dengan air hangat.,,,,,,,1,,,,,,,,,,
442,Beristirahat yang cukup.,,,,,,,1,,,,,,,,,,
443,Makan makanan bergizi.,,,,,,,1,,,,,,,,,,
444,Minum air putih2-3 liter per hari.,,,,,,,1,,,,,,,,,,
445,"Semoga informasi ini dapat membantu dan semoga lekas sembuh ya.
Salam.",,,,,,,,,,,,,,1,,,
,"Hallo dok, izin bertanya.Anak saya itu sering sekali batuk dan pilek, apa itu memengaruhi berat badan anak ya?",1,,1,1,,,,,1,,,,,,,,
,Soalnya anak saya berat badannya naik ngirit banget,,,,1,,,,,,,,,,,,,
,Salam alo terima kasih telah bertanya kepada kamii,,,,,,,,,,1,,,,,,,
,"Sebelumnya perlu di ketahui kondisi berat badan dipengaruhi beberapa faktor antara lain
Asupan gizi anak",,,,,,,,,,,1,,,,,,
,Kondisi kesehatan,,,,,,,,,,,1,,,,,,
,Kondisi fisik dan istirahat anak,,,,,,,,,,,1,,,,,,
,Gangguan makan,,,,,,,,,,,1,,,,,,
,Masalah tumbuh kembang,,,,,,,,,,,1,,,,,,
,Untuk itu jika anak mengalami batuk dan pilek dalam jangka waktu yang lama bisa berpengaruh terhadapa berat badanya terlebih jika ada masalah tumbuh kembang yang anak anda alami,,,,,,,,1,,,,1,,,,,
,Sebaiknya anda mengonsultasikan kepada dokter secara langsung ,,,,,,,1,,,,,,,,,,
,Untuk saat ini pastikan kebutuhan gizi. ,,,,,,,1,,,,,,,,,,
,Cairan serta istirahta anak terpenuhi dan seger ke dokter jika keluhan tak kunjung membaik,,,,,,,1,,,,,1,,,,,
,semoga membantu salam sehat,,,,,,,,,,,,,,1,,,
,"Selamat malam dok, saya ingin menanyakan kalau pusing tidak kunjung membaik padahal tekanan darah normal itu kenapa ya? ",1,,,1,,,,,,,,,,,,,
,Pas sudah minum obat batuk dan pilek sembuh tetapi jadimya malah pusing.,,,,1,,,1,1,,,,,,,,,
,Apakah ada efek karena obat atau bagaimana ya dok? ,,,,,,,,,1,,,,,,,,
,"Salam alo, Terima kasih telah bertanya kepada kami.",,,,,,,,,,1,,,,,,,
,"Obat batuk dan pilek umumnya mengandung:
Succus liquiritiae extract atau ekstrak akar manis, untuk meredakan batuk dan sakit tenggorokan",,,,,,,,,,,,,1,,,,1
,"Paracetamol, untuk meredakan demam dan nyeri pada tubuh akibat flu",,,,,,,,,,,,,1,,,,
,"Amonium klorida, untuk mengencerkan dahak dan lendir, sehingga lebih mudah dikeluarkan",,,,,,,,,,,,,1,,,,
,"Ephedrine HCI dan chlorphenamine maleate, untuk meredakan pilek dan hidung tersumbat akibat flu.",,,,,,,,,,,,,1,,,,
,"Obat batuk dan pilek juga kerap memberi efek samping seperti sakit kepala, mengantuk, pusing, mual, bahkan muntah. ",,,,,,,,1,,,,,,,,,1
,"Apabila keluhan masih berlanjut atau bahkan bertambah parah, disarankan untuk berkonsultasi secara langsung ke dokter ahli.",,,,,,,1,,,,,1,,,,,
,"Anda dapat melakukan hal berikut untuk mecegah batuk dan pilek:
Menjaga jarak dengan penderita batuk pilek hingga dia sembuh",,,,,,,,,,,,,,,,,
,Rutin mencuci tangan dengan sabun sebelum makan,,,,,,,1,,,,,,,,,,
,Membersihkan permukaan benda-benda yang dapat ditempeli virus,,,,,,,1,,,,,,,,,,
,Tidak berbagi barang pribadi dan perlengkapan makan atau minum dengan orang lain,,,,,,,1,,,,,,,,,,
,Makan makanan bergizi seimbang dan teratur,,,,,,,1,,,,,,,,,,
,Penuhi kebutuhan cairan dengan minum air mineral 2 liter per hari,,,,,,,1,,,,,,,,,,
,Istirahat yang cukup 7-8 jam per hari,,,,,,,1,,,,,,,,,,
,"Salam sehat, semoga membantu.",,,,,,,,,,,,,,1,,,
,"sy busui umur 23 tahun , sedang flu dan sempat mengkonsumsi obat alpara yg mungkin komposisi obatnya gk aman buat busui. ",1,1,,,,,1,,,,,1,1,,,,
,kemarin saya trakhir minum 2 kaplet dok dan hari ini saya stop dlu minum obat tsb krn flu saya sdh sedikit mereda,,,,,1,,1,1,,,,,,,,,
,tapi hari ini dan kemarin sy belum BAB sama sekali .,,,,1,,,,,,,,,,,,,
,apakah aman jika saya melanjutkan ASI di hari ini ?,,,,,,,,,1,,,,,,,,
,"Alo,",,,,,,,,,,1,,,,,,,
,"Obat yang Anda sebutkan mengandung paracetamol, phenylpropanolamine, CTM, dan DMP. ",,,,,,,,,,,,,1,,,,1
,"Obat ini digunakan untuk mengurangi keluhan pusing, demam, flu, dan batuk. ",,,,,,,,,,,,,,,,,1
,Pemakaian obat flu dan batuk pada ibu menyusui memang harus lebih berhati-hati.,,,,,,,,,,,,,,,,,1
,Namun bila Anda sudah berhenti mengkonsumsi obat tersebut sejak kemarin maka Anda boleh saja menyusui kembali tanpa harus menunggu BAB. ,,,,,,,1,,,,,1,,,,,
,"Apabila Anda khawatir, Anda bisa memberikan ASIP dulu hingga Anda lebih yakin ya. ",,,,,,,1,,,,,1,,,,,
,Namun secara umum Anda sudah boleh memberikan ASI setelah 6-24 jam terakhir konsumsi obat.,,,,,,,,,,,,,,,,,1
,Durasi waktu ini dapat berbeda berdasarkan farmakologi obat dimana setiap obat memiliki waktu paruh dan eliminasi masing-masing dan sangat bergantung juga pada kondisi metabolisme pada setiap orang.,,,,,,,,,,,,,,,,,1
,"Semoga bisa membantu Anda,
Terima kasih",,,,,,,,,,,,,,1,,,
,"Selamat malam dok,anak saya umur 4,5 tahun batuk pilek dan susah makan kmaren itu di rontgen dan hasil nya infeksi paru paru.",1,1,1,1,,,1,,,,,,,,,,
,sudah dikasih obat oleh IGD rumah sakit karena kmaren langsung datang ke IGD.,,,,,,,1,,,,,,,,,,
,apakah perlu berobat jalan dan berkonsultasi dengan dokter anak?,,,,,,,,,1,,,,,,,,
,Alo. Terimakasih sudah bertanya ke Alodokter.,,,,,,,,,,1,,,,,,,
,Keluhan infeksi paru-paru pada anak dapat disebakan oleh berbagi hal. Penyebab keluhan perlu diketahui untuk mendapatkan penanganan yang tepat. Penyebab keluhan di antaranya Pneumonia,,,1,,,,,,,,1,,,,,,
,TB paru,,,1,,,,,,,,1,,,,,,
,Infeksi Covid-19,,,1,,,,,,,,1,,,,,,
,Empiema,,,1,,,,,,,,1,,,,,,
,Bronkopneumonia,,,1,,,,,,,,1,,,,,,
,"Perlu pemeriksaan lebih lanjut pada kondisi tubuh anak seperti suara paru, frekuensi nafas, dan tanya jawab informasi seputar keluhan saat ini, riwayat penyakit maupun pengobatan yang telah dilakukan.",,,,,,,1,,,,,,,,,,1
,Pemeriksaan penunjang seperti rontgen paru dan tes darah mungkin diperlukan untuk mengetahui adanya infeksi atau tidak. ,,,,,,,1,,,,,,,,,,1
,Sementara anda dapat lakukan hal-hal berikut: Memberikan obat dan vitamin sesuai petunjuk dokter yang merawat.,,,,,,,1,,,,,,,,,,
,Memberikan minum dan makan dengan pola gizi seimbang sesuai usia anak.,,,,,,,1,,,,,,,,,,
,Memantau pertumbuhan dan perkembangan anak disesuaikan dengan usia.,,,,,,,1,,,,,,,,,,
,"Tetap menjalankan protokol kesehatan seperti menghindari kerumunan, menjaga jarak, mencuci tangan dan memakai masker.",,,,,,,1,,,,,,,,,,
,Sekian informasi yang dapat saya sampaikan. Semoga membantu. Salam.,,,,,,,,,,,,,,1,,,
,Dok anak saya usia 1 bulan batuk pilek apakah boleh berobat,1,1,1,,,,,,1,,,,,,,,
,"Alo, terimakasih atas pertanyaannya.",,,,,,,,,,1,,,,,,,
,"Bayi berusia 1 bulan daya tahan tubuhnya masih lemah, sehingga rentan mengalami batuk dan pilek. ",,,,,,,,,,,,,,,,,1
,"Batuk dan pilek ini bukanlah suatu penyakit, melainkan gejala dari suatu penyakit",,,,,,,,,,,,,,,,,1
,"contohnya ISPA (infeksi saluran pernapasan akut), COVID-19 (infeksi virus SARS-CoV-2), rhinitis alergi, refluks asam lambung ke tenggorokan, gangguan imunitas, paparan asap atau iritan saluran napas lainnya, dan sebagainya.",,,1,,,,,,,,,,,,,,
,"Jika batuk dan pilek terjadi baru 1-3 hari, tanpa disertai demam, sesak, ingus atau dahak kekuningan/ kehijauan, lemas, sulit menyusu, rewel tidak wajar, dan keluhan lain yang berat, maka Anda tidak perlu terburu membawa bayi Anda berobat. ",,,,1,,1,1,,,,,1,,,,,
,"Susui ia ASI dan perbanyak kontak fisik dengannya sering-sering, jangan dulu beri ia tambahan makanan dan minuman lain ",,,,,,,1,,,,,,,,,,
,"Jaga lingkungan sekitar bayi supaya bersih, tidak terlalu dingin, jauh juga dari asap, debu, dan hal yang rentan membuatnya alergi",,,,,,,1,,,,,,,,,,
,"Mandikan bayi Anda dengan air hangat, kenakan padanya pakaian yang menghangatkan tubuhnya
Pastikan orang yang kontak dengan bayi tubuhnya selalu bersih dan tidak sedang sakit",,,,,,,1,,,,,,,,,,
,Tidak dulu sembarangan memberi bayi Anda obat atau herbal,,,,,,,1,,,,,,,,,,
,"Jika dalam 3 hari keluhannya tidak sembuh juga, atau malah muncul keluhan lain yang lebih berat sebagaimana yang kami singgung di atas, silakan periksakan bayi Anda langsung ke dokter atau dokter anak terdekat ya",,,,,,,1,,,,,1,,,,,
,Semoga membantu.,,,,,,,,,,,,,,1,,,
,"saya ingin bertanya waktu itu saya mimisan saat sedang batuk pilek sekitar 1 bulan, nah di minggu terakhir saya mimisan selama >30 menit hanya yang sebelah kanan (waktu itu lagi bulan ramadhan 2021). ",1,,1,1,1,1,,,,,,,,,,,
,tapi sebelumnya juga memang pernah mimisan namun hanya sedikit ( seperti luka ). ,,,,,,,,,,,,1,,,,,
,"waktu mimisan >30 menit itu, saya ke rs terdekat, tapi kata dokternya harus di 'korter' gitu? ",,,,,,1,1,,,,,,,,,,
,"dikasih vitamin K, penambah nafsu makan/Caviplex, anti biotik, dan dua lainnya saya lupa. ",,,,,,,1,,,,,,1,,,,
,ampai saat ini masih belum menindak lanjuti apa yang dokter sarankan ,,,,,,,,,,,,,1,,,,
,jadi saya ini kenapa dok? saya bingung harus bagaimana sekarang,,,,,,,,,1,,,,,,,,
,Terima kasih atas pertanyaannya di Alodokter.,,,,,,,,,,1,,,,,,,
,Mimisan atau epistaksis adalah salah satu kondisi kegawatdaruratan di bidang THT yang sering terjadi. ,,,,,,,,,,,,,,,,,1
,"Ada 2 tipe epistaksis, yaitu epistaksis anterior dan epistaksis posterior. Epistaksis anterior berasal dari anyaman pembuluh darah di hidung bagian depan.",,,,,,,,,,,,,,,,,1
,"Beberapa penyebab epistaksis:
Mengorek hidung",,,,,,,,,,,1,,,,,,
,Deviasi septum atau penyimpangan pembatas antara dua lubang hidung,,,,,,,,,,,1,,,,,,
,Trauma,,,,,,,,,,,1,,,,,,
,Penggunaan oksigen nasal kanul dalam jangka lama,,,,,,,,,,,1,,,,,,
,Konsumsi alkohol,,,,,,,,,,,1,,,,,,
,Hipertensi atau tekanan darah tinggi,,,1,,,,,,,,1,,,,,,
,Malformasi pembuluh darah,,,1,,,,,,,,1,,,,,,
,"Koagulopati (hemofilia, penyakit von Willebrand)",,,1,,,,,,,,1,,,,,,
,Alergi Obat-obatan tertentu,,,,,,,,,,,1,,,,,,
,Kanker nasofaring,,,1,,,,,,,,1,,,,,,
,"Dari informasi yang Anda sampaikan, kondisi epistaksis telah Anda alami secara berulang. ",,,,,,,,,,,,,,,,,1
,Mungkin yang dimaksud dengan â€œkorterâ€ adalah kauter atau kauterisasi. TIndakan ini dapat menghentikan perdarahan dengan cara memanaskan jaringan pembuluh darah untuk menutup bagian pembuluh darah yang menyebabkan perdarahan tersebut.,,,,,,,1,,,,,,,,,,1
,Epistaksis yang Anda alami ini sebaiknya segera ditangani karena ada kemungkinan penyebab epistaksis Anda adalah suatu hal yang serius,,,,,,,1,,,,,1,,,,,
,"Bila dibiarkan, perdarahan terus menerus ini dapat mengakibatkan anemia, infeksi, dan lainnya.",,,,,,,,1,,,,,,,,,
,Sebaiknya Anda memeriksakan diri ke dokter spesialis THT agar dapat diperiksa dan mendapat penanganan yang sesuai untuk penyebab epistaksis Anda. ,,,,,,,1,,,,,,,,,,
,"Pada saat mengalami epistaksis, posisikan duduk secara tegak dan tekan hidung selama 10-15 menit serta kompres dengan es atau handuk dibasahi air dingin.",,,,,,1,1,,,,,,,,,,
,Semoga membantu.,,,,,,,,,,,,,,1,,,
,Jangka waktu nya selang berapa jam? Karna pilek dan batuknya sudah agak parah nih,,,1,1,,,,,1,,,,,,,,
,"Alo, terimakasih atas pertanyaannya.",,,,,,,,,,1,,,,,,,
,"Pilek dan batuk bisa menandakan saluran pernapasan yang meradang, misalnya karena alergi, terpapar iritan",,,,,,,,,,,1,,,,,,
,"infeksi bakteri atau virus (termasuk virus Corona yang menyebabkan COVID-19), aspirasi benda asing, refluks asam lambung, hingga tumor jinak atau ganas tertentu. ",,,,,,,,,,,1,,,,,,
,Tidak semua kasus pilek dan batuk perlu ditangani dengan minum obat. ,,,,,,,,,,,,,,,,,1
,"jika baru 1-3 hari keluhan Anda berlangsung dan tidak sampai membuat Anda sesak, demam, mengeluarkan ingus atau dahak kekuningan/ kehijauan, mengi, nyeri dada, atau muncul keluhan lain yang berat",,,,1,,,,,,,,1,,,,,
,"Anda bisa atasi dulu keluhan Anda dengan:
Banyak minum air hangat
Irigasi hidung dengan cairan NaCl
Hindari hal-hal yang membuat Anda alergi",,,,,,,1,,,,,,1,,,,
,"Jangan juga kontak dengan debu, rokok, polusi, asap, dan substansi lain yang rentan mengiritasi saluran napas
Tidak dulu makan es dan gorengan",,,,,,,1,,,,,,,,,,
,"Jangan juga kontak dengan debu, rokok, polusi, asap, dan substansi lain yang rentan mengiritasi saluran napas
Tidak dulu makan es dan gorengan",,,,,,,1,,,,,,,,,,
,Rajin makan buah dan sayuran berkuah kaldu,,,,,,,1,,,,,,,,,,
,Kebanyakan obat pilek dan batuk tidak termasuk obat bebas,,,,,,,,,,,,,,,,,1
,"sehingga jika ingin mengkonsumsinya, sepatutnya Anda periksa dulu ke dokter. ",,,,,,,1,,,,,1,,,,,
,"jika keluhan Anda belum membaik dengan langkah di atas, lebih aman Anda periksalah langsung ke dokter atau dokter THT ya",,,,,,,1,,,,,1,,,,,
,Semoga membantu.,,,,,,,,,,,,,,1,,,
,"Dok, bulan ini usia anak saya 1 tahun .dan sekarang batuk dan pilek",1,1,1,1,,,,,,,,,,,,,
,"Alo, terimakasih atas pertanyaannya.",,,,,,,,,,1,,,,,,,
,"Batuk dan pilek pada anak 1 tahun biasanya muncul karena alergi, semisal akibat dingin, tungau debu, serbuk sari, atau juga beragam alergen lainnya. ",,,,,,,,,,,1,,,,,,1
,"Bukan itu saja, batuk dan pilek pada anak seusia ini mungkin pula disebabkan oleh pencetus yang lain, seperti infeksi virus (termasuk virus Corona yang menyebabkan penyakit COVID-19) atau bakteri",,,,,,,,,,,1,,,,,,
,", iritasi saluran pernapasan, aspirasi benda asing ke saluran pernapasan, gangguan imunitas, sensitifitas berlebih terhadap obat tertentu, dan banyak lagi kondisi medis lainnya.",,,,,,,,,,,1,,,,,,
,"Sore dok, saya sedang batuk pilek, saya minum antibiotik dan obat lainnya jam 11 siang apakah minum obat selanjutnya bisa jam 5 sore?",1,,1,,1,,1,,1,,,,,,,,
,"Alo Iqoh, Terimakasih atas pertanyaannya.",,,,,,,,,,,1,,,,,,
,Dalam mengkonsumsi obat yang harus diperhatikan adalah dosis serta cara penggunaannya. ,,,,,,,,,,,,,,,,,1
,"Setiap obat memiliki mekanisme kerja yang berbeda, efek samping yang berbeda serta waktu paruh di dalam tubuh yang berbeda.",,,,,,,,,,,,,,,,,1
,"Melihat dari apa yang anda sampaikan saat ini, anda harus memperhatikan anjuran dosis obat yang diberikan oleh dokter yang merawat anda dan anda konsumsi saat ini. ",,,,,,,1,,,,,,,,,,
,"Semoga membantu ya, Salam",,,,,,,,,,,,,,1,,,
,Anda juga dapat berkonsultasi dengan dokter yang merawat anda terkait apa saja obat yang anda konsumsi saat ini.,,,,,,,1,,,,,,,,,,
,Dok mau tanya sya 3 hari ini mngalami skit btuk pilek panas pertma si bisa merasakan mkanan sma mncium bau skrng kok tdak bisa ya dok ,1,,1,1,,,,,1,,,1,,,,,
,udh mndingan tpi ada sariawan d pngkal lidah ,,,,1,,,,,,,,,,,,,
,apa krna tu sya gk bisa merasakan dan bau krna pilek?,,,,,,,,,1,,,,,,,,
,"Alo indah
terima kasih sudah bertanya kepada Alodokter",,,,,,,,,,1,,,,,,,
,"saya mengerti akan kekhawatiran anda, dimana keluhan yang anda alami kemungkinan di akibatkan karena flu biasanya diakibatkan karena infeksi virus.",,,,,,,,,,,1,,,,,,
,nah saat flu memang bisa menimbulakan hilangnya penciuman atau dalam dunia medis disebut dengan anosmia,,,,,,,,,,,1,,,,,,1
,hilangnya penciuman ini bisa terjadi akibat flu atau pilek yang dimana permasalan dalam dinding hidung,,,,,,,,,,,1,,,,,,
,erta bisa pula diakibatkan karena adanya penyumbatan didalam hidung seperti polip hidung atau tumor serta bisa pula hal ini terjadi akibat infeksi virus corona,,,,,,,,,,,1,,,,,,
,selain itu bisa pula diakibatkan karena gangguan saraf pada hidung dan otak.,,,,,,,,,,,1,,,,,,
,"serta keluhan hilangnya penciuman hal ini bisa dibarengi dengan hilangnya perasa di lidah, biasanya hilang rasa makan tersebut tidak berkaitan dengan sariawan biasanya rasa nyeri saja. ",,,,1,,,,,,,,,,,,,1
, nah saran saya jika hilangnya penciuman ini anda alami dalam 3 hari tidak ada perbaikan.,,,,,,1,,,,,,1,,,,,
,saya menayrankan untuk anda melakukan pemeriksaan langsung ke dokter faskes terdekat anda ya. ,,,,,,,1,,,,,,,,,,
,"sembari itu saya menyarankan untuk anda, menggunakan masker dan menjaga jarak ke orang lain sebaiknya bila anda mengalami flu seperti mengisolasi mandiri dirumah lebih baik sambil tetap memriksakan diri anda ke dokter ya",,,,,,,1,,,,,,,,,,
,"serta tingakatkan daya tahan tubuh anda dengan istirahat yang cukup, konsumsi makanan yang sehat dan bergizi.",,,,,,,1,,,,,,,,,,
,selain itu bila anda demam anda bisa konsumsi obat seperti paracetamol serta banyak konsumsi air putih hangat minimal 2 liter sehari dan anda bisa mengonsumsi teh hangat dengan madu.,,,,,,,1,,,,,1,,,,,
,"demikian info yang bisa saya berikan
terima kasih",,,,,,,,,,,,,,1,,,
,"Halo dok, anak saya usia 4,5 tahun, beberapa hari kemarin demam",1,1,,1,1,,,,,,,,,,,,
,"sekarang demamnya sudah turun, tapi perutnya saya sentuh kok panas ya?",,,,1,,,,1,1,,,,,,,,
,Bagian tubuh lainnya normal saja.. disertai batuk pilek.. itu kenapa ya dok? Terimakasih.,,,1,1,,,,,1,,,,,,,,
,"Alo Furrou, Terima kasih atas pertanyaannya.",,,,,,,,,,1,,,,,,,
,"Penyebab kulit yang terasa lebih panas di bagian perut mungkin saja karena kulit tertutup oleh pakaian, Kulit yang tidak tertutup pakaian suhunya akan dipengaruhi oleh suhu lingkungan sekitar",,,,,,,,,,,1,,,,,,1
,kalau suhu lingkungan sekitar lebih dingin tentu bagian tubuh lainnya akan lebih dingin jiak dibandingkan dengan suhu kulit yang tertutup pakaian.,,,,,,,,,,,,,,,,,1
," Apabila tidak ada ruam merah di kulit tersebut, kulitnya tidak kemerahan, anak tidak ada gejala lain Anda tidak perlu khawatir dulu.",,,,,,,1,,,,,1,,,,,
,"ika anak merasa terganggu karena merasa panas, silakan kenakan pakaian yang mudah menyerap keringat, yang longgar, dan jaga suhu ruangan tidurnya tetap sejuk.",,,,,,,1,,,,,1,,,,,
,"Untuk gejala batuk dan pileknya, penyebabnya bervariasi, bisa karena flu, selesma, sinusitis, bronkitis, dan tidak menutup kemungkinan karena infeksi virus corona mengingat sedang pandemi.",,,1,1,,,,,,,1,,,,,,
,Silakan tetap memantau kondisi anak.,,,,,,,1,,,,,,,,,,
,aga asupan makanan dan minuman anak dan hindarkan anak dari paparan debu dan asap rokok. ,,,,,,,1,,,,,,,,,,
,Anda juga dapat memberikan air lemon dicampur dengan madu untuk membantu meredakan batuknya. ,,,,,,,1,,,,,,,,,,
,"Selain itu, Anda juga dapat mengoleskan balsam hangat di dada dan leher anak",,,,,,,1,,,,,,,,,,
,Pastikan juga Anda juga memastikan menerapkan protokol kesehatan untuk anak dan keluarga Anda.,,,,,,,1,,,,,,,,,,
,Apabila gejala ini tidak membaik dalam 2 minggu atau ada gejala demam tinggi selama 3 hari atau lebih,,,,1,,1,,,,,,1,,,,,
, silakan tidak menunda pemeriksaan ke dokter anak terdekat,,,,,,,1,,,,,,,,,,
,Dokter perlu memeriksa anak secara langsung bila perlu dilakukan tes darah dan foto rontgen dulu sebelum diberikan penanganan yang sesuai.,,,,,,,1,,,,,,,,,,1
,Semoga membantu.,,,,,,,,,,,,,,1,,,
,"Dok, bulan ini usia anak saya 1 tahun .dan sekarang batuk dan pilek ",1,1,1,,,,,,,,,,,,,,
,apakah boleh di kasih madurasa.,,,,,,,,,1,,,,1,,,,
,"Alo, terimakasih atas pertanyaannya.",,,,,,,,,,1,,,,,,,
,"Batuk dan pilek pada anak 1 tahun biasanya muncul karena alergi, semisal akibat dingin, tungau debu, serbuk sari, atau juga beragam alergen lainnya.",,1,1,,,,,,,,1,,,,,,1
," Bukan itu saja, batuk dan pilek pada anak seusia ini mungkin pula disebabkan oleh pencetus yang lain, seperti infeksi virus (termasuk virus Corona yang menyebabkan penyakit COVID-19) atau bakteri, iritasi saluran pernapasan, aspirasi benda asing ke saluran pernapasan, gangguan imunitas, sensitifitas berlebih terhadap obat tertentu, dan banyak lagi kondisi medis lainnya.",,,1,1,,,,,,,1,,,,,,1
,"Pemberian madu sebagaimana yang Anda sebutkan baik sebab bisa membantu meningkatkan daya tahan tubuhnya agar tidak mudah sakit, termasuk sakit batuk dan pilek. ",,,,,,,1,1,,,,,,,,,1
,"Hanya saja, jika saat ini usia anak Anda belum genap 1 tahun, sebaiknya Anda tunda dulu pemberian madu tersebut, sebab berisiko membuat anak Anda mengalami botulisme.",,1,,,,,1,,,,,1,,,,,
,"Lebih amannya, agar batuk dan pilek yang dialami anak Anda membaik, Anda lakukanlah dulu Beri anak lebih banyak ASI dan air hangat",,,,,,,1,,,,,,,,,,
,"Beri juga ia variasi makanan bergizi seimbang, tidak terlalu berminyak, dingin, apalagi berpemanis buatan",,,,,,,1,,,,,,,,,,
,"Selalu jaga kebersihan diri anak, sekaligus juga lingkungan di sekitarnya",,,,,,,1,,,,,,,,,,
,jangan gunakan kipas angin dan AC terlalu dingin di sekitar anak,,,,,,,1,,,,,,,,,,
,"Jauhkan anak dari debu, udara kering, asap, polusi, dan substansi lain yang membuatnya alergi",,,,,,,1,,,,,,,,,,
,Jangan dekatkan anak ke orang yang sedang sakit keluar,,,,,,,1,,,,,,,,,,
,Batasi membawa anak bepergian ke luar rumah,,,,,,,1,,,,,,,,,,
,Pastikan orang yang berkontak dengan anak selalu disiplin menerapkan protokol kesehatan,,,,,,,1,,,,,,,,,,
,Jangan sembarangan memberi anak obat tanpa saran dokter,,,,,,,1,,,,,,,,,,
,"Jika keluhan anak Anda tidak membaik untuk waktu yang lama, atau jika muncul demam tinggi, sesak, ingus/ dahak kekuningan atau kehijauan, anak rewel berlebihan, sulit makan atau minum, dan juga keluhan lain yang lebih berat, baiknya Anda periksakan ia langsung ke dokter atau dokter anak supaya ditangani dengan baik ya",,,,1,,,1,,,,,1,,,,,
,Semoga membantu.,,,,,,,,,,,,,,1,,,
,"Selamat siang dok,
Dok, saat ini saya batuk dan pilek tanpa demam, sudah dua hari ini.",1,,1,1,,1,,,,,,,,,,,
,"Apakah baiknya saya melakukan isolasi mandiri saja?
Terimakasih",,,,,,,,,1,,,,,,,,
,"Alo, terimakasih atas pertanyaannya.",,,,,,,,,,1,,,,,,,
,"Batuk dan pilek bisa terjadi karena beragam faktor, contohnya alergi, iritasi, kemasukan benda asing, infeksi virus (termasuk virus Corona penyebab COVID-19) atau bakteri, gangguan imunitas, sensitifitas terhadap obat tertentu, refluks asam lambung ke tenggorokan, hingga tumor jinak atau ganas di sekitar saluran pernapasan.",,,1,,,,,,,,1,,,,,,1
,"Penderita batuk dan pilek, utamanya yang disebabkan oleh infeksi, sepatutnya memang mengisolasi diri di rumah, guna mencegah penularan.",,,,,,,1,,,,1,,,,,,1
,"Dengan isolasi diri, Anda pun akan memiliki waktu istirahat lebih banyak sehingga bisa sembuh lebih cepat. ",,,,,,,,1,,,,,,,,,1
,"Tidak hanya itu, sepatutnya Anda lakukan juga
Hindari asap, polusi, debu, dingin, serbuk sari, dan substansi pencetus alergi serta iritasi saluran napas lainnya",,,,,,,1,,,,,,,,,,
,Selalu gunakan masker,,,,,,,1,,,,,,,,,,
,Jaga jarak dengan orang lain,,,,,,,1,,,,,,,,,,
,"Jangan gunakan AC atau kipas berlebihan, gunakan air humidifier bila perlu",,,,,,,1,,,,,,,,,,
,"Rajin mandi dengan air hangat, sering-sering cuci tangan dengan sabun",,,,,,,1,,,,,,,,,,
,Jaga selalu kebersihan tempat tinggal Anda,,,,,,,1,,,,,,,,,,
,"Tingkatkan daya tahan tubuh dengan rutin berolahraga, istirahat cukup, makan makanan bergizi dan mengandung kaya vitamin C",,,,,,,1,,,,,,,,,,
,Jangan dulu sembarangan minum obat tanpa saran dari dokter,,,,,,,1,,,,,,,,,,
,"Sejatinya, jika keluhan Anda ringan, terjadinya baru 1-3 hari, dan tidak muncul demam tinggi, sesak napas, batuk berdarah, mengi, mimisan berulang, dan keluhan berat lainnya,",,,,1,,1,,,,,,1,,,,,
,maka besar kemungkinan kondisi Anda tidak berbahaya dan bisa sembuh sendiri dengan penanganan mandiri seperti telah disebutkan di atas,,,,,,,,,,,,,,,,,1
,"jika muncul tanda bahaya seperti di atas, atau jika keluhan tidak sembuh hingga waktu lama, lebih aman Anda pergi periksakan diri ke dokter supaya dievaluasi dan ditangani dengan baik. ",,,,,,,1,,,,,1,,,,,
,"Jika dirasa perlu, bisa jadi nantinya dokter akan mengarahkan Anda untuk menjalani tes penunjang (seperti rontgen, tes alergi, tes darah) bahkan merujuk Anda ke dokter THT/ penyakit dalam.",,,,,,,1,,,,,1,,,,,
,"Hallo selamat malam dok, ijin bertanya masalah obat kalau saya minum zemoxil amoxicillin trihydrate 500 buat flu,",1,,,,,,1,,,,,,1,,,,
,"boleh tidak saya meminum obat tersebut, buat meredakan gejala dok. Terimakasih",,,,,,,,,1,,,,,,,,
,"Halo saudara Saepul, terima kasih telah bertanya di Alodokter.",,,,,,,,,,1,,,,,,,
,Batuk pilek atau yang biasa disebut dengan common cold adalah suatu infeksi yang terjadi pada saluran nafas bagian atas.,,,,,,,,,,,,,,,,,1
," Infeksi ini paling sering disebabkan oleh virus, dan umumnya dapat sembuh dengan sendirinya.",,,,,,,,,,,1,,,,,,
," Apabila seseorang terkena batuk dan pilek gejala yang muncul adalah batuk
Pilek, Bersin-bersin, Demam, Sakit kepala",,,,1,,,,,,,,,,,,,1
,"Penyebab batuk pilek selain infeksi dari infeksi virus adalah karena kurang nya istirahat, aktivitas yang berlebihan, konsumsi makanan dan minuman yang tidak sehat, merokok, mengkonsumsi alkohol dapat membuat seseorang sering terkena batuk pilek.",,,,,,,,,,,1,,,,,,1
,"Dikarenakan common cold tidak terlalu berbahaya dan dapat sembuh dengan sendirinya, maka ada beberapa saran yang dapat di lakukan di rumah seperti menghirup uap air melalui hidung",,,,,,,1,,,,,,,,,,1
,Mengkonsumsi air putih hangat,,,,,,,,1,,,,,,,,,
,"Mengoleskan balsem ke badan, dapat membuat badan menjadi hangat dan relax",,,,,,,,1,,,,,,,,,
,Hindari suasana yang dingin,,,,,,,,1,,,,,,,,,
,Hindari minuman yang dingin,,,,,,,,1,,,,,,,,,
,Konsumsi vitamin C,,,,,,,,1,,,,,,,,,
,Istirahat yang cukup,,,,,,,,1,,,,,,,,,
,Obat zemoxil merupakan obat yang mengandung antibiotik.,,,,,,,,,,,,,1,,,,1
,Obat tersebut merupakan golongan obat keras yang penggunaannya harus dengan pengawasan atau pemeriksaan dokter sebelumnya. ,,,,,,,,,,,,,,,,,1
,Mengkonsumsi obat tersebut tanpa sepengetahuan dokter tidak disaranakan.,,,,,,,,,,,,,,,,,1
,"Apabila keluhan anda semakin memburuk dan menggangu aktivitas, sebaiknya kunjungi dokter terdekat.",,,,,,,1,,,,,1,,,,,
,"Semoga membantu, terima kasih.",,,,,,,,,,,,,,1,,,
,"Dok, Saya punya riwayat Alergi/Sesak Napas apalagi jika Dingin/Asap/Bau menyengat menyebabkan saya Pilek & Terkadang Dahak/Pilek saya masuk ke tenggorokan saat saya menarik napas/tertelan. ",1,,1,1,,,,,,,,1,,,,,
,Apakah akibat dari Cairan tsb yg masuk ke tenggorokan/lambung saya dok?,,,,,,,,,1,,,,,,,,
,"Alo Dwi, terimakasih sudah bertanya di Alodokter.",,,,,,,,,,1,,,,,,,
,Alergi merupakan reaksi sistem imunitas/daya tahan tubuh seseorang terhadap sesuatu yang pada umumnya tidak menimbulkan masalah pada orang lain.,,,,,,,,,,,,,,,,,1
,"Terdapat berbagai pencetus timbulnya alergi mulai dari makanan, obat, cuaca dingin, asap, debu, dan sebagainya.",,,,,,,,,,,1,,,,,,
,"Gejala yang muncul dapat berupa ruam kulit yang gatal, pilek, hingga sesak nafas.",,,,,,,,1,,,,,,,,,
,Reaksi alergi dapat menimbulkan dahak. ,,,,,,,,1,,,1,,,,,,1
,Dahak sendiri merupakan lendir yang dibentuk oleh saluran cerna untuk melindungi dari debu dan hal lainnya.,,,,,,,,,,,,,,,,,1
,Dahak juga berperan dalam mendukung kerja sistem saluran nafas. ,,,,,,,,,,,,,,,,,1
," Dahak yang tertelan tidak bersifat membahayakan bahkan jika mengandung bakteri, sebab dahak akan dicerna sebagai makanan hingga ke lambung dan bakteri akan mengalami kematian akibat terpapar asam lambung.",,,1,,,,,1,,,1,,,,,,
,"Sekian, semoga membantu.",,,,,,,,,,,,,,1,,,
,Anak saya usia 12 bulan kurang 7hari.,1,1,,,,,,,,,,,,,,,
,Dia batuk pilek demam.,,,1,,,,,,,,,,,,,,
,Lagi tumbuh gigi juga.,,,,,,,,,,,,1,,,,,
,"Minum obat sudah tepat waktu 3x1 (hufanoxil,itrasal & obat serbuk)Tapi kalo malam jam 00:00 suka demam lewat 38++.",,,,,,,1,,,,,,,,,,
,Apa boleh dikasih Paracetamol biar demamnya turun?,,,,,,,,,1,,,,1,,,,
,"Alo Bunda Ayu, terima kasih sudah bertanya pada Alodokter",,,,,,,,,,1,,,,,,,
,"Keluhan demam batuk dan pilek, merupakan gejala yang bisa muncul akibat dari banyak kondisi penyakit. ",,,,1,,,,,,,,,,,,,1
," Demam pada anak pun dapat disebabkan oleh banyak hal. Adanya peradangan, infeksi virus dan bakteri merupakan penyebab paling sering dari keluhan tersebut. ",,,1,,,,,,,,1,,,,,,1
,"Berikut ini adalah beberapa contoh penyakit akibat perdangan dan infeksi yaitu Infeksi saluran pernafasan atas (ISPA),",,,1,,,,,,,,,,,,,,1
,"Faringitis (radang tenggorokan),",,,1,,,,,,,,,,,,,,
,"Peradangan saluran cerna (typhoid),",,,1,,,,,,,,,,,,,,
,"Demam berdarah,",,,1,,,,,,,,,,,,,,
,Gigi tumbuh pada Anak,,,1,,,,,,,,,,,,,,
,"Dalam hal ini, yang anak Anda rasakan dapat terjadi akibat infeksi pada saluran nafas karena ada gejala batuk dan pilek diperparah dengan adanya gigi susu yang akan tumbuh.",,,,1,,,,,,,1,,,,,,1
,"Hal yang penting adalah jangan panik, tetapi Anda harus waspada. Berikut ini adalah beberapa hal yang perlu dilakukan pada kondisi demam, yaitu Lakukan pengukuran suhu tubuh berkala",,,,,,,1,,,,,,,,,,1
,Berikan asupan cairan yang cukup dengan minum air putih yang cukup 700-1000 ml tiap hari,,,,,,,1,,,,,,,,,,
,"Jika suhu diatas 37,5 derajat Celcius, berikan obat penurun panas seperti paracetamol sesuai dosis berdasarkan berat badan anak.",,,,,,,1,,,,,,,,,,
,Kompres dengan air hangat di kepala,,,,,,,1,,,,,,,,,,
,Segera berobat ke dokter untuk memastikan kondisi yang menyebabkan hal tersebut bila demam tidak berkurang selama 3 hari.,,,,,,1,1,,,,,1,,,,,
,"Perhatikan higienitas mulut, bersihkan mulut anak secara rutin agar sisa makanan tidak menempel dan dapat menibulkan akumulasi bakteri yang menyebabkan demam pada saaat anak tumbuh gigi.",,,,,,,1,,,,,,,,,,
,"Hufanoxil adalah antibiotik berisi amoxicillin, habiskan obat tersebut, itrasal adalah obat batuk, dan obat racikan mungkin berisi obat flu dan demam.",,,,,,,,,,,,,1,,,,
,Paracetamol sendiri dapat diminum sehari 3x dan maksimal tiap 4 jam.,,,,,1,,,,,,,,1,,,,1
,"Jadi jika anak Anda sudah minum obat-obat yang diberikan lalu dalam 4 jam demam anak tidak turun, maka Anda dapat memberikan paracetamol tambahan dengan dosis sesuai berat badan atau sesuai anjuran dalam kemasan.",,,,,1,,1,,,,,1,,,,,
,"Terkait pandemi virus corona ini, maka Anda perlu waspada apabila adik Anda memiliki faktor risiko besar infeksi corona, yaitu riwayat kontak dengan orang positif COVID-19 dan atau bepergian ke daerah terjangkit transmisi lokal.",,,,,,,,,,,,,,,,,1
,"Pasalnya demam, batuk dan pilek merupakan salah satu gejala pada COVID-19. Maka apabila anak Anda dan keluarga memiliki riwayat bepergian dan kontak dengan pasien COVID-19 sebelumnya",,,1,,,,,,,,1,,,,,,
, perlu dipastikan apakah ada infeksi virus corona atau tidak pada anak Anda. ,,,,,,,1,,,,,,,,,,
,"Bila tidak ada 2 faktor risiko tersebut, maka saya sarankan Anda melakukan observasi mandiri terlebih dahulu selama 3 hari.",,,,,,,1,,,,,1,,,,,
,"Bila dalam 3 hari demam tidak membaik, maka segeralah periksa ke dokter agar diperiksa dengan seksama ",,,,,,,1,,,,,1,,,,,
,Semoga membantu. Salam,,,,,,,,,,,,,,1,,,